PLAYER,TEAM,GP,MIN,STL,BLK,STL_per36,BLK_per36,Disruption_Index
Victor Wembanyama,SAS,46,1527,52,176,1.225933202357564,4.149312377210216,5.37524557956778
Paul Reed,DET,45,438,39,25,3.2054794520547945,2.054794520547945,5.260273972602739
Robert Williams III,POR,20,351,13,33,1.3333333333333333,3.3846153846153846,4.717948717948718
Jonathan Isaac,ORL,71,1090,61,80,2.014678899082569,2.6422018348623855,4.656880733944954
Charles Bassey,SAS,36,376,14,30,1.3404255319148937,2.872340425531915,4.212765957446809
Mouhamed Gueye,ATL,33,533,28,33,1.8911819887429644,2.2288930581613506,4.120075046904315
Alex Caruso,OKC,54,1041,87,30,3.0086455331412103,1.037463976945245,4.046109510086455
Dyson Daniels,ATL,76,2571,229,55,3.206534422403734,0.7701283547257876,3.9766627771295218
Donovan Clingan,POR,67,1324,34,110,0.9244712990936557,2.990936555891239,3.9154078549848945
Chet Holmgren,OKC,32,877,23,71,0.9441277080957811,2.9144811858608897,3.8586088939566707
Josh Okogie,CHA,40,625,48,18,2.7647999999999997,1.0368,3.8015999999999996
Adem Bona,PHI,58,905,26,69,1.0342541436464088,2.74475138121547,3.7790055248618786
Ausar Thompson,DET,59,1328,98,40,2.6566265060240966,1.0843373493975903,3.740963855421687
Zeke Nnaji,DEN,57,608,25,38,1.480263157894737,2.25,3.730263157894737
Tari Eason,HOU,57,1420,97,50,2.459154929577465,1.267605633802817,3.726760563380282
Goga Bitadze,ORL,70,1429,49,98,1.2344296710986704,2.468859342197341,3.7032890132960112
Daniel Gafford,DAL,57,1226,23,102,0.6753670473083198,2.99510603588907,3.6704730831973897
Walker Kessler,UTA,58,1740,36,138,0.7448275862068965,2.855172413793104,3.6000000000000005
Anthony Davis,DAL,51,1705,59,110,1.2457478005865104,2.32258064516129,3.5683284457478006
Mo Bamba,NOP,32,413,9,31,0.784503631961259,2.702179176755448,3.486682808716707
Jay Huff,MEM,64,748,16,56,0.7700534759358288,2.6951871657754007,3.4652406417112296
Trevelin Queen,ORL,31,430,31,10,2.5953488372093023,0.8372093023255813,3.4325581395348834
Keon Ellis,SAC,80,1948,121,63,2.2361396303901437,1.164271047227926,3.40041067761807
Jaren Jackson Jr.,MEM,74,2207,92,113,1.500679655641142,1.84322609877662,3.343905754417762
Day'Ron Sharpe,BKN,50,907,41,42,1.627342888643881,1.667034178610805,3.294377067254686
Dereck Lively II,DAL,36,833,20,56,0.8643457382953181,2.4201680672268906,3.2845138055222085
Myles Turner,IND,72,2174,54,144,0.8942042318307267,2.3845446182152714,3.2787488500459983
Isaiah Stewart,DET,72,1434,28,101,0.702928870292887,2.5355648535564854,3.2384937238493725
Kris Dunn,LAC,74,1783,128,27,2.584408300616938,0.5451486259113852,3.129556926528323
Nic Claxton,BKN,70,1882,62,100,1.185972369819341,1.9128586609989373,3.0988310308182783
Zach Edey,MEM,66,1416,36,85,0.9152542372881356,2.1610169491525424,3.076271186440678
Draymond Green,GSW,68,1983,99,70,1.7972768532526475,1.2708018154311649,3.068078668683812
Peyton Watson,DEN,68,1656,48,93,1.0434782608695652,2.0217391304347827,3.0652173913043477
Jalen Suggs,ORL,35,1002,51,33,1.8323353293413174,1.18562874251497,3.0179640718562872
Amen Thompson,HOU,69,2225,97,89,1.569438202247191,1.44,3.009438202247191
Cason Wallace,OKC,68,1876,120,35,2.3027718550106613,0.6716417910447761,2.9744136460554373
Lonzo Ball,CHI,35,777,47,17,2.1776061776061777,0.7876447876447876,2.9652509652509655
Jakob Poeltl,TOR,57,1686,66,71,1.4092526690391458,1.516014234875445,2.925266903914591
Kai Jones,DAL,40,468,15,23,1.1538461538461537,1.7692307692307692,2.923076923076923
Evan Mobley,CLE,71,2167,61,113,1.0133825565297647,1.8772496538994001,2.890632210429165
Shai Gilgeous-Alexander,OKC,76,2598,131,77,1.8152424942263279,1.0669745958429562,2.8822170900692843
Alex Sarr,WAS,67,1814,44,101,0.8732083792723263,2.0044101433296584,2.877618522601985
Karlo Matković,NOP,42,791,22,41,1.0012642225031605,1.865992414664981,2.8672566371681416
Reed Sheppard,HOU,52,654,35,17,1.926605504587156,0.9357798165137614,2.862385321100917
Scotty Pippen Jr.,MEM,79,1683,103,30,2.2032085561497325,0.6417112299465241,2.8449197860962565
Alex Len,LAL,46,380,9,21,0.8526315789473684,1.9894736842105263,2.8421052631578947
John Konchar,MEM,46,558,30,14,1.935483870967742,0.903225806451613,2.838709677419355
Luke Kornet,BOS,73,1361,36,71,0.9522409992652461,1.8780308596620132,2.8302718589272593
Brook Lopez,MIL,80,2546,50,148,0.7069913589945012,2.0926944226237234,2.7996857816182246
Kristaps Porziņģis,BOS,42,1210,31,63,0.9223140495867769,1.8743801652892562,2.796694214876033
Justin Champagnie,WAS,62,1341,65,39,1.74496644295302,1.0469798657718121,2.791946308724832
Jarred Vanderbilt,LAL,36,581,35,10,2.1686746987951806,0.6196213425129087,2.7882960413080893
Kel'el Ware,MIA,64,1422,39,71,0.9873417721518988,1.7974683544303798,2.7848101265822787
Jaden Springer,UTA,43,365,24,4,2.3671232876712325,0.39452054794520547,2.761643835616438
Johnny Furphy,IND,50,379,18,11,1.7097625329815302,1.0448548812664908,2.7546174142480213
Javonte Green,CLE,68,1258,65,31,1.8600953895071541,0.8871224165341812,2.7472178060413355
Precious Achiuwa,NYK,57,1170,47,42,1.4461538461538463,1.2923076923076922,2.7384615384615385
Andre Drummond,PHI,40,751,39,18,1.8695073235685753,0.862849533954727,2.7323568575233024
Bol Bol,PHX,36,448,9,25,0.7232142857142858,2.0089285714285716,2.7321428571428577
Colby Jones,WAS,39,515,26,13,1.8174757281553398,0.9087378640776699,2.7262135922330097
Jordan Goodwin,LAL,29,543,30,11,1.9889502762430937,0.7292817679558011,2.7182320441988947
Jaxson Hayes,LAL,56,1093,31,51,1.0210430009149132,1.6797804208600182,2.700823421774931
Cody Martin,PHX,53,1173,56,32,1.7186700767263425,0.9820971867007673,2.70076726342711
Zion Williamson,NOP,30,857,37,27,1.5542590431738623,1.134189031505251,2.6884480746791133
Reece Beekman,BKN,36,469,33,2,2.533049040511727,0.15351812366737738,2.6865671641791042
Gary Payton II,GSW,62,927,52,17,2.0194174757281553,0.6601941747572815,2.6796116504854366
Dejounte Murray,NOP,31,1012,63,12,2.241106719367589,0.4268774703557312,2.6679841897233203
Delon Wright,NYK,40,635,35,12,1.984251968503937,0.6803149606299213,2.6645669291338585
Clint Capela,ATL,55,1176,34,53,1.0408163265306123,1.6224489795918369,2.663265306122449
Bismack Biyombo,SAS,28,528,16,23,1.0909090909090908,1.5681818181818183,2.659090909090909
Keaton Wallace,ATL,31,501,28,9,2.0119760479041915,0.6467065868263473,2.658682634730539
T.J. McConnell,IND,79,1415,83,21,2.111660777385159,0.5342756183745583,2.6459363957597173
Mark Williams,CHA,44,1171,32,54,0.9837745516652434,1.660119555935098,2.6438941076003415
Scottie Barnes,TOR,65,2134,93,63,1.5688847235238987,1.062792877225867,2.6316776007497658
Cam Reddish,LAL,33,589,33,10,2.0169779286926994,0.6112054329371817,2.628183361629881
Brandon Clarke,MEM,64,1207,52,36,1.5509527754763877,1.0737365368682683,2.624689312344656
Kyle Anderson,MIA,61,1002,40,33,1.437125748502994,1.18562874251497,2.622754491017964
Jaylen Clark,MIN,40,522,36,2,2.4827586206896552,0.13793103448275862,2.6206896551724137
Kevon Looney,GSW,76,1142,46,37,1.4500875656742558,1.1663747810858143,2.61646234676007
Ryan Rollins,MIL,56,820,42,17,1.84390243902439,0.7463414634146341,2.590243902439024
Thomas Bryant,IND,66,963,28,41,1.046728971962617,1.5327102803738317,2.5794392523364484
Jalen Johnson,ATL,36,1284,56,36,1.5700934579439252,1.0093457943925233,2.5794392523364484
Larry Nance Jr.,ATL,24,463,20,13,1.5550755939524836,1.0107991360691144,2.565874730021598
Paul George,PHI,41,1334,75,20,2.0239880059970012,0.5397301349325337,2.563718140929535
Anthony Black,ORL,78,1887,86,48,1.6406995230524641,0.9157392686804452,2.5564387917329094
Herbert Jones,NOP,20,648,37,9,2.0555555555555554,0.5,2.5555555555555554
Dwight Powell,DAL,55,551,18,21,1.176043557168784,1.3720508166969145,2.5480943738656983
Marcus Smart,WAS,34,680,39,9,2.064705882352941,0.4764705882352941,2.541176470588235
Jaden McDaniels,MIN,82,2614,110,74,1.5149196633511859,1.0191277735271613,2.534047436878347
Jalen Duren,DET,78,2034,54,89,0.9557522123893805,1.5752212389380529,2.5309734513274336
Jalen Williams,OKC,69,2237,111,46,1.7863209655789003,0.7402771569065713,2.5265981224854714
Christian Koloko,LAL,37,342,8,16,0.8421052631578947,1.6842105263157894,2.526315789473684
Jusuf Nurkić,CHA,51,1063,40,34,1.3546566321730948,1.1514581373471309,2.5061147695202255
Neemias Queta,BOS,62,863,18,42,0.7508690614136733,1.7520278099652375,2.502896871378911
Moussa Diabaté,CHA,71,1241,46,40,1.3344077356970185,1.160354552780016,2.494762288477035
Jonathan Mogbo,TOR,63,1286,55,34,1.5396578538102643,0.9517884914463453,2.49144634525661
Yves Missi,NOP,73,1956,37,98,0.6809815950920245,1.8036809815950918,2.4846625766871164
Matas Buzelis,CHI,80,1511,29,75,0.6909331568497684,1.786896095301125,2.4778292521508933
Dalano Banton,POR,67,1120,43,34,1.3821428571428571,1.0928571428571427,2.4749999999999996
Isaiah Hartenstein,OKC,57,1590,47,62,1.0641509433962264,1.4037735849056603,2.4679245283018867
Elfrid Payton,NOP,24,511,24,11,1.6908023483365948,0.7749510763209393,2.4657534246575343
Drew Eubanks,LAC,61,746,12,39,0.579088471849866,1.8820375335120643,2.46112600536193
Russell Westbrook,DEN,75,2092,106,37,1.8240917782026769,0.6367112810707457,2.4608030592734225
Quenton Jackson,IND,28,381,21,5,1.984251968503937,0.47244094488188976,2.456692913385827
P.J. Washington,DAL,57,1835,63,60,1.2359673024523161,1.1771117166212532,2.413079019073569
Rudy Gobert,MIN,72,2388,56,104,0.8442211055276382,1.5678391959798994,2.4120603015075375
Nikola Jokić,DEN,70,2571,127,45,1.7782963827304552,0.6301050175029171,2.4084014002333722
Kyle Lowry,PHI,35,659,33,11,1.802731411229135,0.6009104704097117,2.4036418816388467
Dominick Barlow,ATL,35,375,9,16,0.864,1.536,2.4
Jarace Walker,IND,75,1187,54,25,1.637742207245156,0.7582139848357203,2.3959561920808765
Onyeka Okongwu,ATL,74,2064,69,68,1.2034883720930232,1.186046511627907,2.3895348837209305
Tristan Vukcevic,WAS,35,513,11,23,0.7719298245614035,1.6140350877192982,2.3859649122807016
Taj Gibson,CHA,37,409,9,18,0.7921760391198044,1.5843520782396088,2.3765281173594133
Kyshawn George,WAS,68,1802,68,50,1.3584905660377358,0.9988901220865705,2.357380688124306
Jarrett Allen,CLE,82,2296,77,73,1.207317073170732,1.1445993031358885,2.3519163763066206
Toumani Camara,POR,78,2548,116,50,1.6389324960753533,0.706436420722135,2.3453689167974883
Jaylin Williams,OKC,47,784,22,29,1.010204081632653,1.3316326530612246,2.3418367346938775
John Collins,UTA,40,1221,39,40,1.1498771498771498,1.1793611793611793,2.329238329238329
OG Anunoby,NYK,74,2706,110,65,1.4634146341463414,0.8647450110864745,2.328159645232816
Jose Alvarado,NOP,56,1366,74,14,1.950219619326501,0.3689604685212299,2.3191800878477307
Kawhi Leonard,LAC,37,1180,59,17,1.8,0.5186440677966102,2.31864406779661
Nicolas Batum,LAC,78,1367,52,36,1.369422092172641,0.9480614484272128,2.317483540599854
Kessler Edwards,DAL,40,608,19,20,1.125,1.1842105263157894,2.3092105263157894
Moritz Wagner,ORL,30,564,24,12,1.5319148936170213,0.7659574468085106,2.297872340425532
Jamal Cain,NOP,37,502,23,9,1.649402390438247,0.6454183266932272,2.2948207171314743
Torrey Craig,BOS,26,314,8,12,0.9171974522292994,1.375796178343949,2.2929936305732483
Kevin Porter Jr.,MIL,75,1482,81,13,1.9676113360323888,0.3157894736842105,2.2834008097165994
Jalen Smith,CHI,64,962,17,44,0.6361746361746362,1.6465696465696467,2.2827442827442828
Devin Carter,SAC,36,396,21,4,1.9090909090909092,0.36363636363636365,2.272727272727273
Trayce Jackson-Davis,GSW,62,967,23,38,0.8562564632885212,1.4146845915201653,2.2709410548086866
Jake LaRavia,SAC,66,1349,62,23,1.6545589325426242,0.6137879911045219,2.268346923647146
Steven Adams,HOU,58,794,22,28,0.9974811083123426,1.269521410579345,2.2670025188916876
Blake Wesley,SAS,58,683,37,6,1.950219619326501,0.3162518301610542,2.266471449487555
Tyrese Haliburton,IND,73,2450,105,49,1.542857142857143,0.72,2.262857142857143
Brandon Boston,NOP,42,993,53,9,1.9214501510574018,0.3262839879154079,2.2477341389728096
Cole Anthony,MEM,67,1234,45,32,1.3128038897893028,0.9335494327390599,2.2463533225283627
Craig Porter Jr.,CLE,51,513,17,15,1.1929824561403508,1.0526315789473684,2.245614035087719
DeAndre Jordan,DEN,56,691,16,27,0.833574529667149,1.4066570188133138,2.240231548480463
Luka Dončić,LAL,50,1769,89,21,1.811192764273601,0.42736009044658,2.238552854720181
James Harden,LAC,79,2789,118,55,1.5231265686626032,0.7099318752240946,2.233058443886698
Mason Plumlee,PHX,74,1300,33,47,0.9138461538461539,1.3015384615384615,2.2153846153846155
Trey Jemison III,LAL,38,392,9,15,0.826530612244898,1.3775510204081634,2.2040816326530615
Daniel Theis,NOP,38,621,18,20,1.0434782608695652,1.1594202898550723,2.2028985507246377
Bilal Coulibaly,WAS,59,1948,78,41,1.4414784394250513,0.757700205338809,2.1991786447638604
Josh Giddey,CHI,70,2117,84,45,1.428436466698158,0.7652338214454416,2.1936702881435997
Alperen Sengun,HOU,76,2395,84,61,1.2626304801670145,0.9169102296450939,2.1795407098121085
Richaun Holmes,WAS,31,534,9,23,0.6067415730337078,1.550561797752809,2.157303370786517
Derrick Jones Jr.,LAC,77,1873,79,33,1.5184196476241325,0.6342765616657768,2.1526962092899096
Dalen Terry,CHI,73,987,44,15,1.6048632218844983,0.547112462006079,2.1519756838905773
Andrew Wiggins,MIA,60,1842,60,50,1.1726384364820848,0.977198697068404,2.1498371335504887
Ryan Dunn,PHX,74,1410,44,40,1.123404255319149,1.0212765957446808,2.1446808510638298
Brandon Williams,DAL,33,487,24,5,1.7741273100616017,0.36960985626283366,2.1437371663244353
Giannis Antetokounmpo,MIL,67,2289,58,78,0.9121887287024902,1.2267365661861076,2.138925294888598
Zach Collins,CHI,64,977,29,29,1.0685772773797337,1.0685772773797337,2.1371545547594675
Ousmane Dieng,OKC,37,405,17,7,1.511111111111111,0.6222222222222221,2.1333333333333333
Naz Reid,MIN,80,2200,58,72,0.9490909090909091,1.1781818181818182,2.1272727272727274
Derrick White,BOS,76,2574,72,80,1.006993006993007,1.118881118881119,2.125874125874126
Devin Vassell,SAS,64,1983,84,33,1.5249621785173977,0.5990922844175491,2.124054462934947
Kelly Oubre Jr.,PHI,60,2078,92,30,1.5938402309913378,0.519730510105871,2.1135707410972087
Ziaire Williams,BKN,63,1541,62,28,1.4484101232965607,0.6541207008436081,2.102530824140169
Kelly Olynyk,NOP,44,891,33,19,1.3333333333333333,0.7676767676767677,2.101010101010101
Kentavious Caldwell-Pope,MEM,77,2279,99,34,1.5638437911364633,0.5370776656428258,2.100921456779289
Ty Jerome,CLE,70,1392,78,3,2.0172413793103448,0.07758620689655173,2.0948275862068964
Keon Johnson,BKN,79,1925,82,30,1.5335064935064935,0.561038961038961,2.0945454545454547
Deandre Ayton,POR,40,1206,31,39,0.9253731343283582,1.164179104477612,2.08955223880597
Jeff Dowtin Jr.,PHI,41,621,24,12,1.391304347826087,0.6956521739130435,2.0869565217391304
Haywood Highsmith,MIA,74,1818,68,37,1.3465346534653464,0.7326732673267327,2.0792079207920793
Sandro Mamukelashvili,SAS,61,681,22,17,1.1629955947136565,0.8986784140969163,2.0616740088105727
Tyrese Maxey,PHI,52,1960,91,21,1.6714285714285715,0.38571428571428573,2.0571428571428574
Jerami Grant,POR,47,1524,41,46,0.968503937007874,1.0866141732283465,2.0551181102362204
Jordan Walsh,BOS,52,403,12,11,1.0719602977667493,0.9826302729528537,2.054590570719603
Luguentz Dort,OKC,71,2073,79,39,1.3719247467438493,0.6772793053545586,2.049204052098408
Chris Boucher,TOR,50,862,24,25,1.0023201856148491,1.0440835266821344,2.046403712296984
Tobias Harris,DET,73,2305,74,57,1.1557483731019524,0.8902386117136659,2.0459869848156185
Caleb Martin,DAL,45,1218,46,23,1.3596059113300494,0.6798029556650247,2.039408866995074
Jordan Poole,WAS,68,2001,86,27,1.5472263868065965,0.4857571214392804,2.032983508245877
Bam Adebayo,MIA,78,2674,98,53,1.319371727748691,0.7135377711293942,2.032909498878085
Collin Gillespie,PHX,33,461,21,5,1.6399132321041217,0.39045553145336226,2.030368763557484
Caris LeVert,ATL,64,1596,57,33,1.2857142857142856,0.744360902255639,2.0300751879699246
Fred VanVleet,HOU,60,2111,94,25,1.6030317385125534,0.4263382283278067,2.02936996684036
Jae'Sean Tate,HOU,52,588,26,7,1.5918367346938775,0.42857142857142855,2.020408163265306
David Roddy,HOU,33,410,14,9,1.229268292682927,0.7902439024390243,2.0195121951219512
Kevin Durant,PHX,62,2265,50,77,0.794701986754967,1.223841059602649,2.0185430463576157
Donte DiVincenzo,MIN,62,1606,73,17,1.6363636363636365,0.38107098381070986,2.0174346201743463
Duop Reath,POR,46,469,12,14,0.9211087420042644,1.0746268656716418,1.9957356076759063
Ivica Zubac,LAC,80,2624,55,90,0.7545731707317074,1.2347560975609757,1.989329268292683
Royce O'Neale,PHX,75,1837,67,34,1.3130103429504627,0.6663037561241154,1.9793140990745781
Nick Richards,PHX,57,1256,14,55,0.40127388535031844,1.5764331210191083,1.9777070063694266
Jaime Jaquez Jr.,MIA,66,1368,61,14,1.6052631578947367,0.3684210526315789,1.9736842105263157
Olivier-Maxence Prosper,DAL,52,584,26,6,1.6027397260273972,0.3698630136986301,1.9726027397260273
Moses Moody,GSW,74,1649,59,31,1.2880533656761672,0.6767738023044269,1.964827167980594
Chris Paul,SAS,82,2292,103,22,1.617801047120419,0.3455497382198953,1.9633507853403143
Oso Ighodaro,PHX,61,1046,28,29,0.9636711281070747,0.9980879541108987,1.9617590822179733
Ben Simmons,LAC,51,1120,38,23,1.2214285714285713,0.7392857142857143,1.9607142857142856
Jonas Valančiūnas,SAC,81,1524,37,46,0.8740157480314961,1.0866141732283465,1.9606299212598426
Jimmy Butler III,GSW,55,1746,77,18,1.5876288659793816,0.3711340206185567,1.9587628865979383
Jordan McLaughlin,SAS,46,314,16,1,1.8343949044585988,0.11464968152866242,1.9490445859872612
Vít Krejčí,ATL,57,1153,36,26,1.124024284475282,0.8117953165654813,1.9358196010407633
Gary Harris,ORL,48,711,26,12,1.3164556962025316,0.6075949367088607,1.9240506329113922
D'Angelo Russell,BKN,58,1480,56,23,1.3621621621621622,0.5594594594594595,1.9216216216216218
Cam Whitmore,HOU,51,827,31,13,1.3494558645707375,0.56590084643289,1.9153567110036276
Brandon Miller,CHA,27,924,29,20,1.12987012987013,0.7792207792207791,1.9090909090909092
Kevin Huerter,CHI,69,1679,66,23,1.41512805241215,0.4931506849315068,1.9082787373436567
Mike Conley,MIN,71,1756,79,14,1.6195899772209565,0.2870159453302962,1.9066059225512526
Wendell Carter Jr.,ORL,68,1758,52,41,1.0648464163822526,0.8395904436860068,1.9044368600682593
Justin Edwards,PHI,44,1155,45,16,1.4025974025974026,0.4987012987012987,1.9012987012987013
Jeremy Sochan,SAS,54,1364,45,27,1.1876832844574778,0.7126099706744868,1.9002932551319647
Miles McBride,NYK,64,1593,67,17,1.5141242937853108,0.384180790960452,1.8983050847457628
Jared Butler,PHI,60,1044,42,13,1.4482758620689655,0.44827586206896547,1.896551724137931
Al Horford,BOS,60,1659,36,51,0.7811934900542495,1.1066907775768535,1.8878842676311032
Jordan Miller,LAC,37,420,17,5,1.4571428571428573,0.42857142857142855,1.885714285714286
Ronald Holland II,DET,81,1266,49,17,1.3933649289099526,0.4834123222748815,1.876777251184834
Jabari Walker,POR,60,749,33,6,1.5861148197596795,0.2883845126835781,1.8744993324432575
Tre Jones,CHI,46,905,37,10,1.4718232044198896,0.39779005524861877,1.8696132596685082
De'Aaron Fox,SAS,62,2241,91,25,1.4618473895582331,0.40160642570281124,1.8634538152610443
Julian Phillips,CHI,79,1123,38,20,1.2181656277827249,0.6411398040961709,1.8593054318788957
Jonathan Kuminga,GSW,47,1144,38,21,1.1958041958041958,0.6608391608391608,1.8566433566433567
Jamal Murray,DEN,67,2418,91,33,1.3548387096774195,0.49131513647642683,1.8461538461538463
Trey Murphy III,NOP,53,1854,56,39,1.087378640776699,0.7572815533980582,1.8446601941747574
Tosan Evbuomwan,BKN,28,665,24,10,1.299248120300752,0.5413533834586466,1.8406015037593986
Khris Middleton,WAS,37,843,35,8,1.494661921708185,0.3416370106761566,1.8362989323843415
Patrick Williams,CHI,63,1576,48,32,1.0964467005076142,0.7309644670050761,1.8274111675126903
Ochai Agbaji,TOR,64,1739,58,30,1.2006900517538814,0.621046578493387,1.8217366302472684
Cade Cunningham,DET,70,2452,71,53,1.0424143556280587,0.7781402936378466,1.8205546492659055
Marcus Sasser,DET,57,811,37,4,1.6424167694204685,0.17755856966707767,1.8199753390875462
Bradley Beal,PHX,53,1702,58,28,1.226792009400705,0.5922444183313749,1.8190364277320799
Cameron Payne,NYK,72,1090,39,16,1.288073394495413,0.5284403669724771,1.8165137614678901
Josh Hart,NYK,77,2897,119,27,1.4787711425612704,0.33551950293406974,1.81429064549534
Donovan Mitchell,CLE,71,2232,95,17,1.532258064516129,0.27419354838709675,1.8064516129032258
Wendell Moore Jr.,CHA,36,499,20,5,1.442885771543086,0.3607214428857715,1.8036072144288575
Kris Murray,POR,69,1040,35,17,1.2115384615384615,0.5884615384615385,1.7999999999999998
Pelle Larsson,MIA,55,782,32,7,1.473145780051151,0.32225063938618925,1.7953964194373402
Jevon Carter,CHI,36,321,13,3,1.4579439252336448,0.3364485981308411,1.794392523364486
Patty Mills,LAC,29,321,13,3,1.4579439252336448,0.3364485981308411,1.794392523364486
Keegan Murray,SAC,76,2610,61,69,0.8413793103448276,0.9517241379310345,1.793103448275862
Julian Champagnie,SAS,82,1932,61,35,1.1366459627329193,0.6521739130434783,1.7888198757763976
Nikola Vučević,CHI,73,2278,61,52,0.9640035118525022,0.8217734855136084,1.7857769973661106
Quinten Post,GSW,42,686,16,18,0.8396501457725948,0.9446064139941691,1.784256559766764
Dean Wade,CLE,59,1253,42,20,1.2067039106145252,0.5746209098164405,1.7813248204309657
Reggie Jackson,PHI,31,384,16,3,1.5,0.28125,1.78125
Baylor Scheierman,BOS,31,384,17,2,1.59375,0.1875,1.78125
Anthony Edwards,MIN,79,2871,91,51,1.141065830721003,0.6394984326018809,1.780564263322884
Eric Gordon,PHI,39,769,26,12,1.2171651495448634,0.5617685305591678,1.7789336801040312
Garrison Mathews,ATL,47,830,26,15,1.1277108433734941,0.6506024096385542,1.7783132530120485
Buddy Hield,GSW,82,1863,69,23,1.3333333333333333,0.4444444444444444,1.7777777777777777
Isaac Jones,SAC,40,304,5,10,0.5921052631578947,1.1842105263157894,1.776315789473684
Kyrie Irving,DAL,50,1804,66,23,1.3170731707317072,0.458980044345898,1.7760532150776052
Deni Avdija,POR,72,2161,71,35,1.182785747339195,0.5830633965756594,1.7658491439148545
Jrue Holiday,BOS,62,1896,66,27,1.2531645569620253,0.5126582278481012,1.7658227848101267
Bobby Portis,MIL,49,1244,35,26,1.0128617363344052,0.752411575562701,1.7652733118971062
Cory Joseph,ORL,50,612,26,4,1.5294117647058825,0.23529411764705882,1.7647058823529413
Desmond Bane,ORL,69,2205,80,28,1.306122448979592,0.45714285714285713,1.763265306122449
Andre Jackson Jr.,MIL,67,980,34,14,1.2489795918367346,0.5142857142857142,1.7632653061224488
Stephen Curry,GSW,70,2252,80,30,1.2788632326820604,0.4795737122557726,1.758436944937833
Lindy Waters III,DET,52,778,27,11,1.2493573264781492,0.5089974293059125,1.7583547557840618
Santi Aldama,MEM,65,1660,52,29,1.1277108433734941,0.6289156626506025,1.7566265060240966
Maxwell Lewis,BKN,28,328,9,7,0.9878048780487805,0.7682926829268293,1.7560975609756098
Ajay Mitchell,OKC,36,597,25,4,1.5075376884422111,0.24120603015075376,1.7487437185929648
Zaccharie Risacher,ATL,75,1843,52,37,1.0157352143244711,0.7227346717308736,1.7384698860553447
Malik Monk,SAC,65,2054,61,38,1.0691333982473223,0.6660175267770204,1.7351509250243429
Karl-Anthony Towns,NYK,72,2517,71,50,1.0154946364719906,0.7151370679380215,1.730631704410012
Ja Morant,MEM,50,1519,61,12,1.445687952600395,0.2843976300197498,1.730085582620145
Ja'Kobe Walter,TOR,52,1103,43,10,1.403445149592022,0.3263825929283771,1.7298277425203992
Obi Toppin,IND,79,1545,46,28,1.0718446601941747,0.6524271844660194,1.7242718446601941
Andrew Nembhard,IND,65,1881,79,11,1.5119617224880382,0.21052631578947367,1.7224880382775118
Sam Merrill,CLE,71,1401,53,14,1.3618843683083512,0.35974304068522484,1.7216274089935761
Brandin Podziemski,GSW,64,1716,69,13,1.4475524475524475,0.2727272727272727,1.7202797202797202
Bruce Brown,NOP,41,922,34,10,1.3275488069414316,0.39045553145336226,1.7180043383947938
Quentin Grimes,PHI,75,2013,74,22,1.323397913561848,0.39344262295081966,1.7168405365126678
DaQuan Jeffries,CHA,47,1071,26,25,0.8739495798319328,0.8403361344537815,1.7142857142857144
KJ Simpson,CHA,36,842,34,6,1.453681710213777,0.25653206650831356,1.7102137767220904
Franz Wagner,ORL,60,2023,75,21,1.3346515076618883,0.37370242214532867,1.708353929807217
Trey Lyles,SAC,69,1350,41,23,1.0933333333333333,0.6133333333333334,1.7066666666666666
Grayson Allen,PHX,64,1544,54,19,1.2590673575129534,0.4430051813471503,1.7020725388601037
Josh Green,CHA,68,1888,74,15,1.4110169491525424,0.2860169491525424,1.6970338983050848
Kenrich Williams,OKC,69,1132,43,10,1.3674911660777385,0.3180212014134276,1.685512367491166
Jamal Shead,TOR,75,1467,58,10,1.4233128834355828,0.24539877300613497,1.6687116564417177
Aaron Nesmith,IND,45,1122,35,17,1.1229946524064172,0.5454545454545454,1.6684491978609626
Scoot Henderson,POR,66,1759,68,13,1.3916998294485503,0.26606026151222284,1.6577600909607733
Jock Landale,HOU,42,500,13,10,0.9359999999999999,0.72,1.656
Kyle Filipowski,UTA,72,1522,48,22,1.1353482260183967,0.5203679369250985,1.655716162943495
Jericho Sims,MIL,53,631,10,19,0.5705229793977813,1.0839936608557845,1.6545166402535658
Gui Santos,GSW,56,762,25,10,1.1811023622047243,0.47244094488188976,1.6535433070866141
Christian Braun,DEN,79,2675,85,37,1.1439252336448598,0.49794392523364484,1.6418691588785046
Isaac Okoro,CLE,55,1053,32,16,1.0940170940170941,0.5470085470085471,1.6410256410256412
Aaron Wiggins,OKC,76,1744,60,18,1.2385321100917432,0.37155963302752293,1.6100917431192663
Max Christie,DAL,78,2127,64,31,1.083215796897038,0.5246826516220028,1.6078984485190406
LeBron James,LAL,70,2444,70,39,1.0310965630114566,0.5744680851063829,1.6055646481178396
Isaiah Collier,UTA,71,1839,66,16,1.292006525285481,0.3132137030995106,1.6052202283849917
Dorian Finney-Smith,LAL,63,1819,58,23,1.147883452446399,0.45519516217702033,1.6030786146234193
LaMelo Ball,CHA,47,1505,54,13,1.2916943521594684,0.3109634551495017,1.6026578073089701
Stephon Castle,SAS,81,2162,74,22,1.2321924144310823,0.36632747456059206,1.5985198889916743
Darius Garland,CLE,75,2301,91,11,1.4237288135593222,0.17209908735332463,1.5958279009126468
Talen Horton-Tucker,CHI,58,724,21,11,1.0441988950276242,0.5469613259668508,1.591160220994475
Nikola Jović,MIA,46,1156,38,13,1.1833910034602075,0.4048442906574395,1.588235294117647
Pascal Siakam,IND,78,2548,70,42,0.989010989010989,0.5934065934065934,1.5824175824175826
Miles Bridges,CHA,64,2029,44,45,0.7806801379990144,0.7984228684080829,1.5791030064070972
Terance Mann,ATL,67,1414,47,15,1.1966053748231966,0.3818953323903819,1.5785007072135786
Ayo Dosunmu,CHI,46,1394,43,18,1.1104734576757531,0.4648493543758967,1.5753228120516498
Rayan Rupert,POR,52,460,16,4,1.2521739130434784,0.3130434782608696,1.565217391304348
Jayson Tatum,BOS,72,2624,76,38,1.0426829268292683,0.5213414634146342,1.5640243902439024
Jaden Ivey,DET,30,898,28,11,1.1224944320712695,0.44097995545657015,1.5634743875278396
Davion Mitchell,MIA,74,2027,72,16,1.2787370498273312,0.284163788850518,1.5629008386778491
Cameron Johnson,BKN,57,1800,53,25,1.06,0.5,1.56
Guerschon Yabusele,PHI,70,1895,58,24,1.1018469656992085,0.45593667546174144,1.5577836411609498
Noah Clowney,BKN,46,1042,24,21,0.8291746641074856,0.72552783109405,1.5547024952015356
Orlando Robinson,TOR,44,770,17,16,0.7948051948051948,0.7480519480519481,1.542857142857143
KJ Martin,UTA,43,912,17,22,0.6710526315789473,0.8684210526315789,1.539473684210526
Trendon Watford,BKN,44,913,27,12,1.0646221248630887,0.47316538882803943,1.537787513691128
Jaylen Brown,BOS,63,2158,73,19,1.2177942539388322,0.3169601482854495,1.5347544022242818
Ben Sheppard,IND,63,1230,38,14,1.1121951219512196,0.40975609756097564,1.5219512195121951
Naji Marshall,DAL,69,1919,70,11,1.3131839499739448,0.20635747785304845,1.5195414278269932
Taurean Prince,MIL,80,2166,76,15,1.263157894736842,0.24930747922437674,1.5124653739612188
Gabe Vincent,LAL,72,1527,51,13,1.2023575638506876,0.306483300589391,1.5088408644400786
Norman Powell,LAC,60,1958,73,9,1.342185903983657,0.16547497446373852,1.5076608784473955
Colin Castleton,TOR,26,432,8,10,0.6666666666666666,0.8333333333333333,1.5
Jordan Clarkson,UTA,37,962,31,9,1.1600831600831603,0.3367983367983368,1.496881496881497
Maxi Kleber,LAL,34,637,9,17,0.5086342229199372,0.9607535321821037,1.469387755102041
Spencer Dinwiddie,DAL,79,2136,70,17,1.1797752808988764,0.2865168539325843,1.4662921348314608
Klay Thompson,DAL,72,1965,50,30,0.916030534351145,0.549618320610687,1.465648854961832
Rob Dillingham,MIN,49,516,20,1,1.3953488372093024,0.06976744186046512,1.4651162790697674
Nickeil Alexander-Walker,MIN,82,2073,50,34,0.8683068017366137,0.5904486251808971,1.4587554269175107
Alec Burks,MIA,49,864,28,7,1.1666666666666665,0.29166666666666663,1.458333333333333
Paolo Banchero,ORL,46,1582,36,28,0.8192161820480405,0.6371681415929203,1.4563843236409608
Austin Reaves,LAL,73,2550,81,22,1.1435294117647057,0.3105882352941176,1.4541176470588233
Danté Exum,DAL,20,372,12,3,1.161290322580645,0.29032258064516125,1.4516129032258063
Monté Morris,PHX,45,571,20,3,1.2609457092819616,0.18914185639229422,1.4500875656742558
Jordan Hawkins,NOP,56,1320,30,23,0.8181818181818182,0.6272727272727273,1.4454545454545455
Gary Trent Jr.,MIL,74,1893,72,4,1.3692551505546753,0.07606973058637084,1.4453248811410462
Hunter Tyson,DEN,51,400,10,6,0.9,0.54,1.44
Julian Strawther,DEN,65,1384,39,16,1.0144508670520231,0.41618497109826585,1.430635838150289
Micah Potter,UTA,38,705,14,14,0.7148936170212766,0.7148936170212766,1.4297872340425533
Tristan Thompson,CLE,40,328,2,11,0.21951219512195122,1.207317073170732,1.426829268292683
A.J. Lawson,TOR,26,486,13,6,0.9629629629629629,0.4444444444444444,1.4074074074074074
Mikal Bridges,NYK,82,3036,75,43,0.8893280632411067,0.5098814229249011,1.3992094861660078
Keldon Johnson,SAS,77,1838,49,22,0.9597388465723612,0.4309031556039173,1.3906420021762784
Bogdan Bogdanović,LAC,54,1348,41,11,1.0949554896142433,0.2937685459940653,1.3887240356083086
Jabari Smith Jr.,HOU,57,1716,25,41,0.5244755244755245,0.8601398601398601,1.3846153846153846
Damian Lillard,MIL,58,2093,70,10,1.2040133779264213,0.17200191113234592,1.3760152890587671
CJ McCollum,NOP,56,1832,46,24,0.9039301310043668,0.47161572052401746,1.3755458515283843
Vince Williams Jr.,MEM,27,499,12,7,0.8657314629258517,0.5050100200400802,1.370741482965932
Rui Hachimura,LAL,59,1869,45,26,0.8667736757624398,0.5008025682182986,1.3675762439807384
Aaron Holiday,HOU,62,792,19,11,0.8636363636363635,0.5,1.3636363636363635
Antonio Reeves,NOP,44,660,21,4,1.1454545454545453,0.21818181818181817,1.3636363636363635
Brice Sensabaugh,UTA,71,1432,46,8,1.1564245810055866,0.2011173184357542,1.3575418994413408
Trae Young,ATL,76,2739,91,12,1.1960569550930997,0.15772179627601313,1.3537787513691129
Luke Kennard,MEM,65,1472,50,5,1.2228260869565217,0.12228260869565218,1.3451086956521738
Jeremiah Robinson-Earl,NOP,66,1239,39,7,1.1331719128329298,0.2033898305084746,1.3365617433414045
Dennis Schröder,DET,75,2105,66,12,1.1287410926365795,0.20522565320665084,1.3339667458432303
GG Jackson,MEM,29,459,12,5,0.9411764705882353,0.3921568627450981,1.3333333333333335
Johnny Juzang,UTA,64,1270,39,8,1.105511811023622,0.22677165354330708,1.332283464566929
Payton Pritchard,BOS,80,2271,70,14,1.1096433289299867,0.22192866578599735,1.331571994715984
Cody Williams,UTA,50,1060,23,16,0.781132075471698,0.5433962264150943,1.3245283018867924
Gradey Dick,TOR,54,1587,48,10,1.0888468809073724,0.22684310018903592,1.3156899810964082
Jaden Hardy,DAL,57,907,28,5,1.1113561190738699,0.1984564498346196,1.3098125689084894
Jalen Green,HOU,82,2697,71,27,0.9477196885428254,0.3604004449388209,1.3081201334816464
Dillon Jones,OKC,54,552,16,4,1.0434782608695652,0.2608695652173913,1.3043478260869565
De'Andre Hunter,CLE,64,1740,50,13,1.0344827586206897,0.2689655172413793,1.3034482758620691
Jalen Pickett,DEN,49,666,19,5,1.027027027027027,0.2702702702702703,1.2972972972972974
Ricky Council IV,PHI,73,1250,32,13,0.9216000000000001,0.37439999999999996,1.296
Isaiah Joe,OKC,74,1604,48,9,1.0773067331670823,0.20199501246882792,1.2793017456359101
Caleb Houstan,ORL,58,788,22,6,1.0050761421319798,0.27411167512690354,1.2791878172588833
Tyus Jones,PHX,81,2174,69,8,1.1425942962281508,0.13247470101195952,1.2750689972401104
Terrence Shannon Jr.,MIN,32,339,7,5,0.7433628318584071,0.5309734513274336,1.2743362831858407
Jaylon Tyson,CLE,47,453,13,3,1.033112582781457,0.23841059602649006,1.2715231788079469
Sam Hauser,BOS,71,1541,41,13,0.9578195976638546,0.3036988968202466,1.2615184944841011
Simone Fontecchio,DET,75,1237,31,12,0.9021827000808408,0.349232012934519,1.2514147130153597
Coby White,CHI,74,2450,69,16,1.013877551020408,0.23510204081632655,1.2489795918367346
Shake Milton,LAL,57,836,25,4,1.076555023923445,0.17224880382775118,1.2488038277511961
Shaedon Sharpe,POR,72,2252,62,16,0.9911190053285969,0.2557726465364121,1.2468916518650088
Tidjane Salaün,CHA,60,1244,29,14,0.8392282958199356,0.40514469453376206,1.2443729903536977
Jett Howard,ORL,60,701,13,11,0.667617689015692,0.5649072753209701,1.232524964336662
Svi Mykhailiuk,UTA,38,760,19,7,0.9,0.33157894736842103,1.231578947368421
Malik Beasley,DET,82,2283,73,5,1.1511169513797634,0.07884362680683311,1.2299605781865965
DeMar DeRozan,SAC,77,2768,62,32,0.8063583815028902,0.41618497109826585,1.222543352601156
Michael Porter Jr.,DEN,77,2593,50,38,0.6941766293868107,0.5275742383339761,1.221750867720787
Lauri Markkanen,UTA,47,1476,33,17,0.8048780487804879,0.41463414634146345,1.2195121951219514
RJ Barrett,TOR,58,1869,46,17,0.8860353130016051,0.3274478330658106,1.2134831460674156
Pat Connaughton,MIL,41,603,9,11,0.5373134328358209,0.6567164179104478,1.1940298507462686
Bennedict Mathurin,IND,72,2149,47,24,0.7873429502093997,0.40204746393671476,1.1893904141461145
Landry Shamet,NYK,50,762,23,2,1.0866141732283465,0.09448818897637795,1.1811023622047245
Tyrese Martin,BKN,60,1315,34,9,0.9307984790874525,0.24638783269961978,1.1771863117870722
Seth Curry,CHA,68,1062,27,7,0.9152542372881356,0.23728813559322035,1.152542372881356
Malcolm Brogdon,WAS,24,564,13,5,0.8297872340425532,0.3191489361702128,1.148936170212766
Dillon Brooks,HOU,75,2388,60,16,0.9045226130653267,0.24120603015075376,1.1457286432160805
Tyler Herro,MIA,77,2725,69,17,0.911559633027523,0.22458715596330275,1.1361467889908257
Lonnie Walker IV,PHI,20,477,10,5,0.7547169811320755,0.37735849056603776,1.1320754716981134
Tristan da Silva,ORL,74,1629,33,18,0.7292817679558011,0.39779005524861877,1.12707182320442
Terry Rozier,MIA,64,1658,37,14,0.8033775633293124,0.30398069963811825,1.1073582629674306
Bub Carrington,WAS,82,2458,54,21,0.790886899918633,0.30756712774613504,1.098454027664768
Domantas Sabonis,SAC,70,2429,48,26,0.7114038699053108,0.3853437628653767,1.0967476327706875
Malaki Branham,SAS,47,427,11,2,0.927400468384075,0.1686182669789227,1.0960187353629978
Collin Sexton,UTA,63,1758,47,6,0.962457337883959,0.12286689419795221,1.0853242320819112
Max Strus,CLE,50,1273,26,12,0.7352710133542812,0.3393558523173606,1.0746268656716418
Devin Booker,PHX,75,2795,67,16,0.8629695885509839,0.20608228980322002,1.069051878354204
Jalen Brunson,NYK,65,2301,60,8,0.9387222946544981,0.12516297262059975,1.0638852672750978
Immanuel Quickley,TOR,33,918,23,4,0.9019607843137255,0.15686274509803924,1.0588235294117647
Kyle Kuzma,MIL,65,1936,36,19,0.6694214876033058,0.35330578512396693,1.0227272727272727
Anfernee Simons,POR,70,2292,60,5,0.9424083769633508,0.07853403141361257,1.0209424083769634
Julius Randle,MIN,69,2226,47,16,0.7601078167115903,0.2587601078167116,1.0188679245283019
Anthony Gill,WAS,51,398,9,2,0.8140703517587939,0.18090452261306533,0.9949748743718593
Zach LaVine,SAC,74,2603,58,12,0.8021513638109873,0.1659623511333077,0.968113714944295
Amir Coffey,LAC,72,1748,40,7,0.8237986270022883,0.14416475972540047,0.9679633867276888
AJ Green,MIL,73,1659,37,7,0.8028933092224232,0.15189873417721517,0.9547920433996384
Keyonte George,UTA,67,2108,46,9,0.7855787476280834,0.1537001897533207,0.9392789373814041
Jamison Battle,TOR,59,1042,17,10,0.5873320537428023,0.345489443378119,0.9328214971209212
Duncan Robinson,MIA,74,1786,40,6,0.8062709966405375,0.12094064949608062,0.9272116461366181
Aaron Gordon,DEN,51,1447,23,14,0.572218382861092,0.34830684174153426,0.9205252246026262
Jaylen Wells,MEM,79,2044,44,8,0.7749510763209393,0.14090019569471623,0.9158512720156555
Jared McCain,PHI,23,592,15,0,0.9121621621621622,0.0,0.9121621621621622
Jeff Green,HOU,32,396,6,4,0.5454545454545454,0.36363636363636365,0.9090909090909091
Corey Kispert,WAS,61,1602,26,14,0.5842696629213484,0.3146067415730337,0.8988764044943821
Georges Niang,ATL,79,1697,28,14,0.5939893930465527,0.29699469652327637,0.8909840895698291
Harrison Barnes,SAS,82,2230,39,14,0.6295964125560538,0.22600896860986547,0.8556053811659192
AJ Johnson,WAS,29,638,12,3,0.677115987460815,0.16927899686520376,0.8463949843260188
Jalen Wilson,BKN,79,2031,40,5,0.7090103397341212,0.08862629246676515,0.7976366322008863
Cam Thomas,BKN,25,781,15,2,0.6914212548015364,0.09218950064020487,0.7836107554417413
Dalton Knecht,LAL,78,1494,24,8,0.5783132530120482,0.19277108433734938,0.7710843373493975
Tim Hardaway Jr.,DET,77,2153,38,7,0.6353924756154203,0.11704598235020902,0.7524384579656294
Vasilije Micic,PHX,41,785,15,0,0.6878980891719745,0.0,0.6878980891719745
Doug McDermott,SAC,42,342,4,2,0.42105263157894735,0.21052631578947367,0.631578947368421
Nick Smith Jr.,CHA,60,1369,17,6,0.44704163623082543,0.15777940102264426,0.6048210372534697
