Year,Season Type,PLAYER_ID,RANK,PLAYER,TEAM_ID,TEAM,GP,MIN,FGM,FGA,FG_PCT,FG3M,FG3A,FG3_PCT,FTM,FTA,FT_PCT,OREB,DREB,REB,AST,STL,BLK,TOV,PF,PTS,EFF,AST_TOV,STL_TOV
2024-25,Regular%20Season,1628983,1,Shai Gilgeous-Alexander,1610612760,OKC,76,2598,860,1656,0.519,163,435,0.375,601,669,0.898,67,312,379,486,131,77,183,164,2484,2510,2.66,0.72
2024-25,Regular%20Season,1630162,2,Anthony Edwards,1610612750,MIN,79,2871,721,1612,0.447,320,811,0.395,415,496,0.837,61,389,450,359,91,51,249,150,2177,1907,1.44,0.36
2024-25,Regular%20Season,203999,3,Nikola Jokić,1610612743,DEN,70,2571,786,1364,0.576,138,331,0.417,361,451,0.8,200,692,892,716,127,45,230,160,2071,2953,3.11,0.55
2024-25,Regular%20Season,203507,4,Giannis Antetokounmpo,1610612749,MIL,67,2289,793,1319,0.601,14,63,0.222,436,707,0.617,147,651,798,433,58,78,206,155,2036,2400,2.1,0.28
2024-25,Regular%20Season,1628369,5,Jayson Tatum,1610612738,BOS,72,2624,662,1465,0.452,250,728,0.343,358,440,0.814,48,575,623,431,76,38,209,157,1932,2006,2.06,0.36
2024-25,Regular%20Season,1626164,6,Devin Booker,1610612756,PHX,75,2795,654,1420,0.461,183,551,0.332,432,483,0.894,76,229,305,529,67,16,220,198,1923,1803,2.4,0.3
2024-25,Regular%20Season,1629027,7,Trae Young,1610612737,ATL,76,2739,566,1376,0.411,218,642,0.34,491,561,0.875,36,200,236,880,91,12,355,145,1841,1825,2.48,0.26
2024-25,Regular%20Season,1629639,8,Tyler Herro,1610612748,MIA,77,2725,651,1378,0.472,251,670,0.375,287,327,0.878,35,364,399,424,69,17,198,85,1840,1784,2.14,0.35
2024-25,Regular%20Season,1630595,9,Cade Cunningham,1610612765,DET,70,2452,684,1457,0.469,149,418,0.356,313,370,0.846,56,369,425,638,71,53,309,195,1830,1878,2.06,0.23
2024-25,Regular%20Season,201935,10,James Harden,1610612746,LAC,79,2789,531,1295,0.41,235,668,0.352,505,578,0.874,55,401,456,687,118,55,341,162,1802,1940,2.02,0.35
2024-25,Regular%20Season,1626157,11,Karl-Anthony Towns,1610612752,NYK,72,2517,639,1215,0.526,142,338,0.42,339,409,0.829,212,708,920,222,71,50,192,249,1759,2184,1.16,0.37
2024-25,Regular%20Season,203897,12,Zach LaVine,1610612758,SAC,74,2603,625,1223,0.511,239,536,0.446,235,285,0.825,22,293,315,310,58,12,208,121,1724,1563,1.49,0.28
2024-25,Regular%20Season,1630224,13,Jalen Green,1610612745,HOU,82,2697,608,1437,0.423,234,661,0.354,273,336,0.813,45,332,377,282,71,27,203,127,1723,1385,1.39,0.35
2024-25,Regular%20Season,201939,14,Stephen Curry,1610612744,GSW,70,2252,564,1258,0.448,311,784,0.397,279,299,0.933,40,270,310,421,80,30,200,95,1718,1645,2.1,0.4
2024-25,Regular%20Season,201942,15,DeMar DeRozan,1610612758,SAC,77,2768,624,1308,0.477,84,256,0.328,378,441,0.857,50,248,298,342,62,32,105,150,1710,1592,3.26,0.59
2024-25,Regular%20Season,2544,15,LeBron James,1610612747,LAL,70,2444,651,1270,0.513,149,396,0.376,259,331,0.782,72,474,546,575,70,39,260,99,1710,1989,2.21,0.27
2024-25,Regular%20Season,1628378,17,Donovan Mitchell,1610612739,CLE,71,2232,585,1320,0.443,233,633,0.368,298,362,0.823,57,265,322,354,95,17,149,140,1701,1541,2.38,0.64
2024-25,Regular%20Season,1628973,18,Jalen Brunson,1610612752,NYK,65,2301,585,1200,0.488,152,397,0.383,368,448,0.821,27,160,187,475,60,8,164,138,1690,1561,2.9,0.37
2024-25,Regular%20Season,201142,19,Kevin Durant,1610612756,PHX,62,2265,592,1124,0.527,160,372,0.43,303,361,0.839,23,351,374,263,50,77,190,104,1647,1631,1.38,0.26
2024-25,Regular%20Season,1628991,20,Jaren Jackson Jr.,1610612763,MEM,74,2207,592,1213,0.488,146,389,0.375,311,398,0.781,91,326,417,148,92,113,153,257,1641,1550,0.97,0.6
2024-25,Regular%20Season,1627783,21,Pascal Siakam,1610612754,IND,78,2548,613,1182,0.519,126,324,0.389,226,308,0.734,133,407,540,263,70,42,109,189,1578,1733,2.41,0.64
2024-25,Regular%20Season,1629636,22,Darius Garland,1610612739,CLE,75,2301,554,1174,0.472,212,529,0.401,224,255,0.878,47,167,214,506,91,11,189,143,1544,1526,2.68,0.48
2024-25,Regular%20Season,1629632,23,Coby White,1610612741,CHI,74,2450,508,1121,0.453,216,584,0.37,277,307,0.902,25,248,273,330,69,16,177,154,1509,1377,1.86,0.39
2024-25,Regular%20Season,1631114,24,Jalen Williams,1610612760,OKC,69,2237,565,1168,0.484,124,340,0.365,236,299,0.789,59,310,369,354,111,46,150,158,1490,1554,2.36,0.74
2024-25,Regular%20Season,1630559,25,Austin Reaves,1610612747,LAL,73,2550,477,1037,0.46,200,531,0.377,321,366,0.877,61,268,329,421,81,22,177,151,1475,1546,2.38,0.46
2024-25,Regular%20Season,1628368,26,De'Aaron Fox,1610612759,SAS,62,2241,539,1163,0.463,118,381,0.31,263,318,0.827,54,244,298,392,91,25,174,164,1459,1412,2.25,0.52
2024-25,Regular%20Season,1630578,27,Alperen Sengun,1610612745,HOU,76,2395,567,1143,0.496,21,90,0.233,296,428,0.692,262,524,786,372,84,61,194,209,1451,1852,1.92,0.43
2024-25,Regular%20Season,1630532,28,Franz Wagner,1610612753,ORL,60,2023,537,1161,0.463,104,352,0.295,271,311,0.871,56,286,342,284,75,21,138,147,1449,1369,2.06,0.54
2024-25,Regular%20Season,203081,29,Damian Lillard,1610612749,MIL,58,2093,444,992,0.448,197,524,0.376,362,393,0.921,29,243,272,410,70,10,162,97,1447,1468,2.53,0.43
2024-25,Regular%20Season,1628969,30,Mikal Bridges,1610612752,NYK,82,3036,592,1183,0.5,164,463,0.354,96,118,0.814,71,188,259,306,75,43,132,127,1444,1382,2.32,0.57
2024-25,Regular%20Season,1627750,31,Jamal Murray,1610612743,DEN,67,2418,531,1121,0.474,156,397,0.393,218,246,0.886,45,216,261,403,91,33,138,128,1436,1468,2.92,0.66
2024-25,Regular%20Season,1628389,32,Bam Adebayo,1610612748,MIA,78,2674,540,1113,0.485,79,221,0.357,251,328,0.765,185,564,749,337,98,53,161,162,1410,1836,2.09,0.61
2024-25,Regular%20Season,1629029,33,Luka Dončić,1610612747,LAL,50,1769,461,1025,0.45,177,481,0.368,309,395,0.782,40,369,409,383,89,21,179,126,1408,1481,2.14,0.5
2024-25,Regular%20Season,1627759,34,Jaylen Brown,1610612738,BOS,63,2158,518,1118,0.463,116,358,0.324,246,322,0.764,82,286,368,286,73,19,162,154,1398,1306,1.76,0.45
2024-25,Regular%20Season,1629008,34,Michael Porter Jr.,1610612743,DEN,77,2593,528,1048,0.504,193,489,0.395,149,194,0.768,138,402,540,165,50,38,104,157,1398,1522,1.59,0.48
2024-25,Regular%20Season,1629673,36,Jordan Poole,1610612764,WAS,68,2001,457,1057,0.432,235,622,0.378,242,274,0.883,31,172,203,303,86,27,204,201,1391,1174,1.49,0.42
2024-25,Regular%20Season,1630178,37,Tyrese Maxey,1610612755,PHI,52,1960,477,1091,0.437,161,478,0.337,254,289,0.879,15,159,174,317,91,21,124,116,1369,1199,2.56,0.73
2024-25,Regular%20Season,1630169,38,Tyrese Haliburton,1610612754,IND,73,2450,476,1006,0.473,218,562,0.388,189,222,0.851,42,216,258,673,105,49,120,92,1359,1761,5.61,0.88
2024-25,Regular%20Season,202696,39,Nikola Vučević,1610612741,CHI,73,2278,550,1038,0.53,129,321,0.402,120,149,0.805,178,557,735,256,61,52,119,163,1349,1817,2.15,0.51
2024-25,Regular%20Season,1629014,40,Anfernee Simons,1610612757,POR,70,2292,479,1125,0.426,215,593,0.363,175,194,0.902,25,164,189,337,60,5,143,117,1348,1131,2.36,0.42
2024-25,Regular%20Season,1627826,41,Ivica Zubac,1610612746,LAC,80,2624,592,942,0.628,0,0,0.0,156,236,0.661,300,710,1010,214,55,90,127,168,1340,2152,1.69,0.43
2024-25,Regular%20Season,1627734,42,Domantas Sabonis,1610612758,SAC,70,2429,527,893,0.59,65,156,0.417,218,289,0.754,267,705,972,423,48,26,202,229,1337,2167,2.09,0.24
2024-25,Regular%20Season,1627736,43,Malik Beasley,1610612765,DET,82,2283,461,1071,0.43,319,766,0.416,95,140,0.679,47,167,214,139,73,5,83,125,1336,1029,1.68,0.88
2024-25,Regular%20Season,1631101,44,Shaedon Sharpe,1610612757,POR,72,2252,499,1104,0.452,147,472,0.311,190,242,0.785,68,256,324,198,62,16,150,120,1335,1128,1.32,0.41
2024-25,Regular%20Season,1628384,45,OG Anunoby,1610612752,NYK,74,2706,489,1027,0.476,171,460,0.372,183,226,0.81,97,261,358,164,110,65,102,172,1332,1346,1.61,1.08
2024-25,Regular%20Season,1630217,46,Desmond Bane,1610612753,ORL,69,2205,493,1018,0.484,164,418,0.392,177,198,0.894,62,356,418,369,80,28,169,164,1327,1507,2.18,0.47
2024-25,Regular%20Season,1630596,47,Evan Mobley,1610612739,CLE,71,2167,505,906,0.557,85,230,0.37,221,305,0.725,164,495,659,226,61,113,145,141,1316,1745,1.56,0.42
2024-25,Regular%20Season,1626181,48,Norman Powell,1610612746,LAC,60,1958,457,945,0.484,179,428,0.418,213,265,0.804,21,169,190,125,73,9,108,114,1306,1055,1.16,0.68
2024-25,Regular%20Season,1628970,49,Miles Bridges,1610612766,CHA,64,2029,469,1089,0.431,141,450,0.313,221,254,0.87,72,409,481,248,44,45,136,93,1300,1329,1.82,0.32
2024-25,Regular%20Season,203944,50,Julius Randle,1610612750,MIN,69,2226,455,939,0.485,108,314,0.344,270,335,0.806,144,343,487,323,47,16,196,175,1288,1416,1.65,0.24
2024-25,Regular%20Season,203076,51,Anthony Davis,1610612742,DAL,51,1705,470,910,0.516,35,124,0.282,286,369,0.775,134,456,590,181,59,110,113,98,1261,1565,1.6,0.52
2024-25,Regular%20Season,1630567,52,Scottie Barnes,1610612761,TOR,65,2134,474,1063,0.446,76,280,0.271,228,302,0.755,109,393,502,378,93,63,185,113,1252,1440,2.04,0.5
2024-25,Regular%20Season,1628401,53,Derrick White,1610612738,BOS,76,2574,424,959,0.442,265,691,0.384,135,161,0.839,67,274,341,361,72,80,131,138,1248,1410,2.76,0.55
2024-25,Regular%20Season,202681,54,Kyrie Irving,1610612742,DAL,50,1804,447,945,0.473,144,359,0.401,196,214,0.916,60,180,240,231,66,23,111,101,1234,1167,2.08,0.59
2024-25,Regular%20Season,1629628,55,RJ Barrett,1610612761,TOR,58,1869,460,982,0.468,107,306,0.35,196,311,0.63,61,305,366,314,46,17,165,137,1223,1164,1.9,0.28
2024-25,Regular%20Season,1630166,56,Deni Avdija,1610612757,POR,72,2161,402,844,0.476,125,342,0.365,290,372,0.78,110,412,522,281,71,35,196,171,1219,1408,1.43,0.36
2024-25,Regular%20Season,1631128,57,Christian Braun,1610612743,DEN,79,2675,476,821,0.58,89,224,0.397,177,214,0.827,98,312,410,205,85,37,81,170,1218,1492,2.53,1.05
2024-25,Regular%20Season,1631094,58,Paolo Banchero,1610612753,ORL,46,1582,412,911,0.452,87,272,0.32,280,385,0.727,51,294,345,219,36,28,136,97,1191,1079,1.61,0.27
2024-25,Regular%20Season,1642264,59,Stephon Castle,1610612759,SAS,81,2162,423,988,0.428,95,333,0.285,249,344,0.724,89,208,297,332,74,22,177,164,1190,1078,1.88,0.42
2024-25,Regular%20Season,1630163,60,LaMelo Ball,1610612766,CHA,47,1505,406,1003,0.405,179,528,0.339,193,229,0.843,47,185,232,346,54,13,167,157,1184,1029,2.07,0.32
2024-25,Regular%20Season,203468,61,CJ McCollum,1610612740,NOP,56,1832,444,1000,0.444,171,459,0.373,124,173,0.717,42,170,212,227,46,24,106,124,1183,981,2.14,0.43
2024-25,Regular%20Season,1629012,62,Collin Sexton,1610612762,UTA,63,1758,416,867,0.48,110,271,0.406,217,251,0.865,60,111,171,264,47,6,160,144,1159,1002,1.65,0.29
2024-25,Regular%20Season,1629630,62,Ja Morant,1610612763,MEM,50,1519,404,889,0.454,88,285,0.309,263,319,0.824,34,171,205,364,61,12,185,113,1159,1075,1.97,0.33
2024-25,Regular%20Season,1631097,64,Bennedict Mathurin,1610612754,IND,72,2149,391,853,0.458,98,288,0.34,276,332,0.831,87,296,383,136,47,24,135,162,1156,1093,1.01,0.35
2024-25,Regular%20Season,1630202,65,Payton Pritchard,1610612738,BOS,80,2271,409,866,0.472,255,626,0.407,71,84,0.845,102,205,307,279,70,14,83,118,1144,1261,3.36,0.84
2024-25,Regular%20Season,1629675,66,Naz Reid,1610612750,MIN,80,2200,426,923,0.462,175,462,0.379,111,143,0.776,92,388,480,181,58,72,108,189,1138,1292,1.68,0.54
2024-25,Regular%20Season,1641718,67,Keyonte George,1610612762,UTA,67,2108,359,919,0.391,174,507,0.343,233,285,0.818,26,227,253,377,46,9,183,111,1125,1015,2.06,0.25
2024-25,Regular%20Season,1630530,68,Trey Murphy III,1610612740,NOP,53,1854,381,839,0.454,158,438,0.361,204,230,0.887,47,221,268,188,56,39,103,112,1124,1088,1.82,0.54
2024-25,Regular%20Season,1626167,69,Myles Turner,1610612754,IND,72,2174,390,811,0.481,156,394,0.396,184,238,0.773,90,381,471,111,54,144,123,183,1120,1302,0.9,0.44
2024-25,Regular%20Season,1628370,70,Malik Monk,1610612758,SAC,65,2054,412,939,0.439,139,428,0.325,154,178,0.865,30,215,245,362,61,38,159,158,1117,1113,2.28,0.38
2024-25,Regular%20Season,1641705,71,Victor Wembanyama,1610612759,SAS,46,1527,408,857,0.476,142,403,0.352,158,189,0.836,82,424,506,168,52,176,149,105,1116,1389,1.13,0.35
2024-25,Regular%20Season,1628386,72,Jarrett Allen,1610612739,CLE,82,2296,452,640,0.706,0,5,0.0,199,277,0.718,216,582,798,158,77,73,97,127,1103,1846,1.63,0.79
2024-25,Regular%20Season,1629656,73,Quentin Grimes,1610612755,PHI,75,2013,384,823,0.467,162,421,0.385,162,214,0.757,59,265,324,228,74,22,141,138,1092,1108,1.62,0.53
2024-25,Regular%20Season,1629631,74,De'Andre Hunter,1610612739,CLE,64,1740,358,762,0.47,157,388,0.405,215,254,0.846,44,214,258,92,50,13,82,155,1088,976,1.12,0.61
2024-25,Regular%20Season,203952,75,Andrew Wiggins,1610612748,MIA,60,1842,376,839,0.448,130,348,0.374,196,257,0.763,89,180,269,158,60,50,99,101,1078,992,1.6,0.61
2024-25,Regular%20Season,1630700,76,Dyson Daniels,1610612737,ATL,76,2571,455,923,0.493,80,235,0.34,83,140,0.593,124,325,449,333,229,55,155,175,1073,1459,2.15,1.48
2024-25,Regular%20Season,1629661,77,Cameron Johnson,1610612751,BKN,57,1800,355,747,0.475,159,408,0.39,201,225,0.893,54,193,247,194,53,25,99,104,1070,1074,1.96,0.54
2024-25,Regular%20Season,1628415,78,Dillon Brooks,1610612745,HOU,75,2388,384,895,0.429,186,469,0.397,99,121,0.818,75,200,275,128,60,16,76,242,1053,923,1.68,0.79
2024-25,Regular%20Season,1628404,79,Josh Hart,1610612752,NYK,77,2897,404,770,0.525,84,252,0.333,159,205,0.776,161,576,737,453,119,27,158,201,1051,1817,2.87,0.75
2024-25,Regular%20Season,201572,80,Brook Lopez,1610612749,MIL,80,2546,394,774,0.509,139,373,0.373,114,138,0.826,113,288,401,143,50,148,84,171,1041,1295,1.7,0.59
2024-25,Regular%20Season,1630170,80,Devin Vassell,1610612759,SAS,64,1983,394,889,0.443,158,429,0.368,95,120,0.792,34,221,255,183,84,33,88,108,1041,988,2.08,0.95
2024-25,Regular%20Season,1630581,82,Josh Giddey,1610612741,CHI,70,2117,371,798,0.465,105,278,0.378,175,224,0.781,127,439,566,503,84,45,202,122,1022,1542,2.49,0.42
2024-25,Regular%20Season,203084,83,Harrison Barnes,1610612759,SAS,82,2230,347,683,0.508,156,360,0.433,161,199,0.809,97,213,310,136,39,14,50,75,1011,1086,2.72,0.78
2024-25,Regular%20Season,202691,84,Klay Thompson,1610612742,DAL,72,1965,361,877,0.412,216,553,0.391,67,74,0.905,44,202,246,145,50,30,88,81,1005,865,1.65,0.57
2024-25,Regular%20Season,202699,85,Tobias Harris,1610612765,DET,73,2305,384,805,0.477,91,264,0.345,143,166,0.861,65,367,432,162,74,57,85,138,1002,1198,1.91,0.87
2024-25,Regular%20Season,1630183,86,Jaden McDaniels,1610612750,MIN,82,2614,398,834,0.477,100,303,0.33,104,128,0.813,129,341,470,163,110,74,95,225,1000,1262,1.72,1.16
2024-25,Regular%20Season,201566,87,Russell Westbrook,1610612743,DEN,75,2092,373,831,0.449,94,291,0.323,154,233,0.661,102,268,370,457,106,37,242,188,994,1185,1.89,0.44
2024-25,Regular%20Season,1630168,88,Onyeka Okongwu,1610612737,ATL,74,2064,388,684,0.567,48,148,0.324,164,216,0.759,220,440,660,168,69,68,90,193,988,1515,1.87,0.77
2024-25,Regular%20Season,203471,89,Dennis Schröder,1610612765,DET,75,2105,336,827,0.406,127,371,0.342,181,216,0.838,27,171,198,404,66,12,142,180,980,992,2.85,0.47
2024-25,Regular%20Season,1629640,90,Keldon Johnson,1610612759,SAS,77,1838,371,770,0.482,87,274,0.318,150,194,0.773,112,259,371,125,49,22,77,115,979,1026,1.62,0.64
2024-25,Regular%20Season,1641708,91,Amen Thompson,1610612745,HOU,69,2225,388,697,0.557,25,91,0.275,169,247,0.684,192,372,564,265,97,89,138,167,970,1460,1.92,0.7
2024-25,Regular%20Season,202710,92,Jimmy Butler III,1610612744,GSW,55,1746,301,597,0.504,32,104,0.308,330,392,0.842,125,171,296,298,77,18,74,52,964,1221,4.03,1.04
2024-25,Regular%20Season,1628398,92,Kyle Kuzma,1610612749,MIL,65,1936,370,848,0.436,96,313,0.307,128,202,0.634,54,316,370,152,36,19,146,119,964,843,1.04,0.25
2024-25,Regular%20Season,1631099,94,Keegan Murray,1610612758,SAC,76,2610,364,820,0.444,154,449,0.343,60,72,0.833,146,361,507,109,61,69,60,186,942,1160,1.82,1.02
2024-25,Regular%20Season,1642258,94,Zaccharie Risacher,1610612737,ATL,75,1843,357,779,0.458,122,344,0.355,106,149,0.711,86,182,268,92,52,37,92,149,942,834,1.0,0.56
2024-25,Regular%20Season,1631105,96,Jalen Duren,1610612765,DET,78,2034,378,546,0.692,0,0,0.0,162,242,0.669,277,530,807,209,54,89,136,251,918,1693,1.54,0.4
2024-25,Regular%20Season,1630598,97,Aaron Wiggins,1610612760,OKC,76,1744,355,728,0.488,130,339,0.383,74,89,0.831,81,214,295,134,60,18,69,101,914,964,1.94,0.87
2024-25,Regular%20Season,1630230,97,Naji Marshall,1610612742,DAL,69,1919,362,712,0.508,60,218,0.275,130,160,0.813,76,252,328,208,70,11,112,109,914,1039,1.86,0.63
2024-25,Regular%20Season,1627741,99,Buddy Hield,1610612744,GSW,82,1863,328,786,0.417,203,549,0.37,53,64,0.828,51,213,264,134,69,23,91,132,912,842,1.47,0.76
2024-25,Regular%20Season,1626162,100,Kelly Oubre Jr.,1610612755,PHI,60,2078,348,741,0.47,71,242,0.293,139,185,0.751,97,271,368,108,92,30,80,180,906,985,1.35,1.15
2024-25,Regular%20Season,203078,101,Bradley Beal,1610612756,PHX,53,1702,345,694,0.497,102,264,0.386,110,137,0.803,34,143,177,195,58,28,99,136,902,885,1.97,0.59
2024-25,Regular%20Season,1628374,102,Lauri Markkanen,1610612762,UTA,47,1476,296,700,0.423,138,399,0.346,162,185,0.876,72,206,278,70,33,17,66,79,892,797,1.06,0.5
2024-25,Regular%20Season,1641739,103,Toumani Camara,1610612757,POR,78,2548,328,716,0.458,135,360,0.375,91,126,0.722,173,277,450,175,116,50,109,230,882,1141,1.61,1.06
2024-25,Regular%20Season,1629660,104,Ty Jerome,1610612739,CLE,70,1392,319,618,0.516,111,253,0.439,129,148,0.872,50,123,173,237,78,3,92,102,878,959,2.58,0.85
2024-25,Regular%20Season,203915,105,Spencer Dinwiddie,1610612742,DAL,79,2136,284,682,0.416,109,326,0.334,195,243,0.802,18,191,209,349,70,17,102,121,872,969,3.42,0.69
2024-25,Regular%20Season,1642259,106,Alex Sarr,1610612764,WAS,67,1814,326,828,0.394,105,341,0.308,112,165,0.679,124,311,435,161,44,101,114,146,869,941,1.41,0.39
2024-25,Regular%20Season,203497,107,Rudy Gobert,1610612750,MIN,72,2388,341,510,0.669,0,0,0.0,184,273,0.674,265,520,785,127,56,104,89,182,866,1591,1.43,0.63
2024-25,Regular%20Season,1627832,108,Fred VanVleet,1610612745,HOU,60,2111,287,759,0.378,159,461,0.345,111,137,0.81,32,189,221,333,94,25,87,140,844,932,3.83,1.08
2024-25,Regular%20Season,203501,108,Tim Hardaway Jr.,1610612765,DET,77,2153,276,680,0.406,168,457,0.368,124,145,0.855,18,165,183,123,38,7,48,96,844,722,2.56,0.79
2024-25,Regular%20Season,202685,110,Jonas Valančiūnas,1610612758,SAC,81,1524,345,627,0.55,8,37,0.216,145,165,0.879,190,437,627,164,37,46,120,181,843,1295,1.37,0.31
2024-25,Regular%20Season,1630553,111,Keon Johnson,1610612751,BKN,79,1925,303,779,0.389,126,401,0.314,107,139,0.77,63,234,297,175,82,30,116,209,839,799,1.51,0.71
2024-25,Regular%20Season,1630703,112,Scoot Henderson,1610612757,POR,66,1759,287,685,0.419,105,297,0.354,158,206,0.767,52,146,198,335,68,13,177,181,837,828,1.89,0.38
2024-25,Regular%20Season,1629023,113,P.J. Washington,1610612742,DAL,57,1835,301,665,0.453,91,239,0.381,143,198,0.722,82,360,442,131,63,60,118,131,836,995,1.11,0.53
2024-25,Regular%20Season,1630167,114,Obi Toppin,1610612754,IND,79,1545,317,599,0.529,110,301,0.365,89,114,0.781,56,262,318,128,46,28,68,108,833,978,1.88,0.68
2024-25,Regular%20Season,1626145,115,Tyus Jones,1610612756,PHX,81,2174,306,683,0.448,166,401,0.414,51,57,0.895,40,156,196,429,69,8,91,63,829,1057,4.71,0.76
2024-25,Regular%20Season,1629018,116,Gary Trent Jr.,1610612749,MIL,74,1893,283,657,0.431,180,433,0.416,78,92,0.848,20,148,168,87,72,4,42,124,824,725,2.07,1.71
2024-25,Regular%20Season,1627751,116,Jakob Poeltl,1610612761,TOR,57,1686,363,579,0.627,1,3,0.333,97,144,0.674,189,358,547,158,66,71,111,176,824,1292,1.42,0.59
2024-25,Regular%20Season,1642377,118,Jaylen Wells,1610612763,MEM,79,2044,287,676,0.425,138,392,0.352,111,135,0.822,87,181,268,135,44,8,69,146,823,796,1.96,0.64
2024-25,Regular%20Season,204001,119,Kristaps Porziņģis,1610612738,BOS,42,1210,277,574,0.483,103,250,0.412,161,199,0.809,68,216,284,87,31,63,53,116,818,895,1.64,0.58
2024-25,Regular%20Season,1629130,120,Duncan Robinson,1610612748,MIA,74,1786,290,663,0.437,190,483,0.393,47,53,0.887,18,149,167,176,40,6,86,135,817,741,2.05,0.47
2024-25,Regular%20Season,1630577,121,Julian Champagnie,1610612759,SAS,82,1932,276,665,0.415,178,480,0.371,85,94,0.904,67,251,318,111,61,35,74,114,815,868,1.5,0.82
2024-25,Regular%20Season,1630583,122,Santi Aldama,1610612763,MEM,65,1660,313,648,0.483,120,326,0.368,65,94,0.691,94,322,416,188,52,29,71,76,811,1061,2.65,0.73
2024-25,Regular%20Season,1642267,123,Bub Carrington,1610612764,WAS,82,2458,300,748,0.401,138,407,0.339,69,85,0.812,33,308,341,364,54,21,141,190,807,982,2.58,0.38
2024-25,Regular%20Season,202695,124,Kawhi Leonard,1610612746,LAC,37,1180,310,623,0.498,78,190,0.411,98,121,0.81,35,184,219,116,59,17,72,56,796,799,1.61,0.82
2024-25,Regular%20Season,1627777,125,Georges Niang,1610612737,ATL,79,1697,286,620,0.461,166,409,0.406,46,58,0.793,47,225,272,111,28,14,82,201,784,781,1.35,0.34
2024-25,Regular%20Season,1627884,126,Derrick Jones Jr.,1610612746,LAC,77,1873,310,589,0.526,78,219,0.356,83,118,0.703,93,170,263,60,79,33,66,153,781,836,0.91,1.2
2024-25,Regular%20Season,1630590,127,Scotty Pippen Jr.,1610612763,MEM,79,1683,285,594,0.48,87,219,0.397,122,171,0.713,65,194,259,347,103,30,138,203,779,1022,2.51,0.75
2024-25,Regular%20Season,1641711,128,Gradey Dick,1610612761,TOR,54,1587,265,647,0.41,114,326,0.35,133,155,0.858,44,149,193,98,48,10,83,120,777,639,1.18,0.58
2024-25,Regular%20Season,1627747,129,Caris LeVert,1610612737,ATL,64,1596,280,599,0.467,106,284,0.373,110,155,0.71,41,162,203,215,57,33,76,99,776,844,2.83,0.75
2024-25,Regular%20Season,1629060,130,Rui Hachimura,1610612747,LAL,59,1869,293,576,0.509,102,247,0.413,87,113,0.77,79,216,295,83,45,26,49,105,775,866,1.69,0.92
2024-25,Regular%20Season,1629638,131,Nickeil Alexander-Walker,1610612750,MIN,82,2073,270,616,0.438,141,370,0.381,92,118,0.78,54,211,265,223,50,34,99,139,773,874,2.25,0.51
2024-25,Regular%20Season,1641729,132,Brice Sensabaugh,1610612762,UTA,71,1432,275,599,0.459,157,372,0.422,65,73,0.89,42,168,210,110,46,8,107,111,772,707,1.03,0.43
2024-25,Regular%20Season,1629645,133,Kevin Porter Jr.,1610612749,MIL,75,1482,293,652,0.449,55,177,0.311,130,169,0.769,42,236,278,256,81,13,136,119,771,865,1.88,0.6
2024-25,Regular%20Season,1627824,134,Guerschon Yabusele,1610612755,PHI,70,1895,282,563,0.501,104,274,0.38,100,138,0.725,134,261,395,148,58,24,87,164,768,987,1.7,0.67
2024-25,Regular%20Season,1628381,135,John Collins,1610612762,UTA,40,1221,280,531,0.527,59,148,0.399,139,164,0.848,89,238,327,80,39,40,103,116,758,865,0.78,0.38
2024-25,Regular%20Season,1630198,136,Isaiah Joe,1610612760,OKC,74,1604,259,588,0.44,192,466,0.412,46,56,0.821,41,155,196,119,48,9,38,113,756,751,3.13,1.26
2024-25,Regular%20Season,1630592,137,Jalen Wilson,1610612751,BKN,79,2031,246,620,0.397,122,362,0.337,135,165,0.818,75,195,270,145,40,5,79,164,749,726,1.83,0.51
2024-25,Regular%20Season,1631108,137,Max Christie,1610612742,DAL,78,2127,252,590,0.427,115,314,0.366,130,152,0.855,38,220,258,146,64,31,88,115,749,800,1.66,0.73
2024-25,Regular%20Season,203932,139,Aaron Gordon,1610612743,DEN,51,1447,264,497,0.531,75,172,0.436,145,179,0.81,80,167,247,164,23,14,73,82,748,856,2.25,0.32
2024-25,Regular%20Season,1641764,140,Brandin Podziemski,1610612744,GSW,64,1716,280,629,0.445,115,309,0.372,72,95,0.758,65,260,325,220,69,13,75,95,747,927,2.93,0.92
2024-25,Regular%20Season,1629627,141,Zion Williamson,1610612740,NOP,30,857,288,508,0.567,3,13,0.231,158,241,0.656,76,140,216,159,37,27,90,82,737,783,1.77,0.41
2024-25,Regular%20Season,1641710,142,Anthony Black,1610612753,ORL,78,1887,262,620,0.423,62,195,0.318,150,197,0.761,52,178,230,240,86,48,139,166,736,796,1.73,0.62
2024-25,Regular%20Season,1626156,143,D'Angelo Russell,1610612751,BKN,58,1480,249,638,0.39,113,360,0.314,121,145,0.834,20,142,162,297,56,23,108,115,732,749,2.75,0.52
2024-25,Regular%20Season,1641731,144,Bilal Coulibaly,1610612764,WAS,59,1948,263,624,0.421,63,224,0.281,138,185,0.746,91,203,294,199,78,41,125,139,727,806,1.59,0.62
2024-25,Regular%20Season,1630541,145,Moses Moody,1610612744,GSW,74,1649,246,568,0.433,126,337,0.374,106,133,0.797,52,137,189,96,59,31,54,116,724,696,1.78,1.09
2024-25,Regular%20Season,1629651,145,Nic Claxton,1610612751,BKN,70,1882,320,568,0.563,5,21,0.238,79,154,0.513,157,358,515,157,62,100,87,150,724,1148,1.8,0.71
2024-25,Regular%20Season,101108,147,Chris Paul,1610612759,SAS,82,2292,249,583,0.427,140,371,0.377,85,92,0.924,33,263,296,605,103,22,129,151,723,1279,4.69,0.8
2024-25,Regular%20Season,1628978,147,Donte DiVincenzo,1610612750,MIN,62,1606,250,593,0.422,174,438,0.397,49,63,0.778,32,196,228,225,73,17,99,114,723,810,2.27,0.74
2024-25,Regular%20Season,204456,149,T.J. McConnell,1610612754,IND,79,1415,324,624,0.519,15,49,0.306,57,77,0.74,44,149,193,351,83,21,109,79,720,939,3.22,0.76
2024-25,Regular%20Season,1630228,150,Jonathan Kuminga,1610612744,GSW,47,1144,258,568,0.454,46,151,0.305,157,235,0.668,56,161,217,104,38,21,71,90,719,640,1.47,0.54
2024-25,Regular%20Season,1629652,150,Luguentz Dort,1610612760,OKC,71,2073,258,593,0.435,170,413,0.412,33,46,0.717,89,204,293,115,79,39,51,208,719,846,2.25,1.55
2024-25,Regular%20Season,1642261,152,Dalton Knecht,1610612747,LAL,78,1494,257,557,0.461,128,340,0.376,64,84,0.762,37,179,216,66,24,8,37,93,706,663,1.78,0.65
2024-25,Regular%20Season,1630557,153,Corey Kispert,1610612764,WAS,61,1602,255,565,0.451,120,330,0.364,75,88,0.852,36,145,181,103,26,14,64,98,705,642,1.61,0.41
2024-25,Regular%20Season,1629655,154,Daniel Gafford,1610612742,DAL,57,1226,283,403,0.702,0,0,0.0,135,196,0.689,155,233,388,80,23,102,66,152,701,1047,1.21,0.35
2024-25,Regular%20Season,1631095,155,Jabari Smith Jr.,1610612745,HOU,57,1716,248,566,0.438,98,277,0.354,104,126,0.825,105,294,399,60,25,41,61,123,698,822,0.98,0.41
2024-25,Regular%20Season,1629599,156,Amir Coffey,1610612746,LAC,72,1748,240,510,0.471,101,247,0.409,115,129,0.891,32,129,161,77,40,7,45,120,696,652,1.71,0.89
2024-25,Regular%20Season,1642271,157,Kyle Filipowski,1610612762,UTA,72,1522,260,518,0.502,77,220,0.35,93,143,0.65,112,328,440,140,48,22,102,171,690,930,1.37,0.47
2024-25,Regular%20Season,1641824,158,Matas Buzelis,1610612741,CHI,80,1511,252,555,0.454,96,266,0.361,88,108,0.815,55,223,278,79,29,75,74,128,688,752,1.07,0.39
2024-25,Regular%20Season,201950,159,Jrue Holiday,1610612738,BOS,62,1896,254,573,0.443,108,306,0.353,70,77,0.909,76,189,265,239,66,27,77,101,686,880,3.1,0.86
2024-25,Regular%20Season,1631106,159,Tari Eason,1610612745,HOU,57,1420,272,559,0.487,63,184,0.342,79,104,0.76,128,234,362,83,97,50,65,136,686,901,1.28,1.49
2024-25,Regular%20Season,1628989,161,Kevin Huerter,1610612741,CHI,69,1679,257,604,0.425,132,391,0.338,35,49,0.714,30,175,205,156,66,23,67,121,681,703,2.33,0.98
2024-25,Regular%20Season,1626171,162,Bobby Portis,1610612749,MIL,49,1244,277,595,0.466,65,178,0.365,61,73,0.836,90,321,411,104,35,26,57,94,680,869,1.82,0.61
2024-25,Regular%20Season,1628960,162,Grayson Allen,1610612756,PHX,64,1544,219,489,0.448,149,350,0.426,93,114,0.816,34,160,194,137,54,19,75,95,680,718,1.83,0.72
2024-25,Regular%20Season,1630552,162,Jalen Johnson,1610612737,ATL,36,1284,271,542,0.5,44,141,0.312,94,126,0.746,62,297,359,181,56,36,106,67,680,903,1.71,0.53
2024-25,Regular%20Season,1626220,162,Royce O'Neale,1610612756,PHX,75,1837,241,570,0.423,179,441,0.406,19,26,0.731,53,296,349,163,67,34,65,151,680,892,2.51,1.03
2024-25,Regular%20Season,1626179,166,Terry Rozier,1610612748,MIA,64,1658,248,635,0.391,91,308,0.295,92,108,0.852,44,194,238,167,37,14,78,73,679,654,2.14,0.47
2024-25,Regular%20Season,203924,167,Jerami Grant,1610612757,POR,47,1524,214,574,0.373,108,296,0.365,141,166,0.849,26,137,163,101,41,46,65,109,677,578,1.55,0.63
2024-25,Regular%20Season,203484,168,Kentavious Caldwell-Pope,1610612763,MEM,77,2279,239,544,0.439,113,330,0.342,82,95,0.863,33,136,169,136,99,34,62,136,673,731,2.19,1.6
2024-25,Regular%20Season,1631109,169,Mark Williams,1610612766,CHA,44,1171,270,447,0.604,0,4,0.0,131,163,0.804,132,315,447,109,32,54,71,105,671,1033,1.53,0.45
2024-25,Regular%20Season,1630534,170,Ochai Agbaji,1610612761,TOR,64,1739,266,534,0.498,101,253,0.399,34,48,0.708,61,181,242,98,58,30,54,125,667,759,1.81,1.07
2024-25,Regular%20Season,1631165,171,Keon Ellis,1610612758,SAC,80,1948,227,464,0.489,139,321,0.433,73,86,0.849,60,152,212,120,121,63,71,176,666,861,1.69,1.7
2024-25,Regular%20Season,202331,172,Paul George,1610612755,PHI,41,1334,245,570,0.43,96,268,0.358,79,97,0.814,24,195,219,178,75,20,106,101,665,708,1.68,0.71
2024-25,Regular%20Season,1642274,172,Yves Missi,1610612740,NOP,73,1956,269,492,0.547,0,1,0.0,127,204,0.623,255,346,601,99,37,98,82,145,665,1118,1.21,0.45
2024-25,Regular%20Season,1627752,174,Taurean Prince,1610612749,MIL,80,2166,235,514,0.457,147,335,0.439,39,48,0.813,34,253,287,155,76,15,82,165,656,819,1.89,0.93
2024-25,Regular%20Season,1629614,175,Andrew Nembhard,1610612754,IND,65,1881,247,539,0.458,51,175,0.291,108,136,0.794,34,182,216,326,79,11,112,149,653,853,2.91,0.7
2024-25,Regular%20Season,1631117,176,Walker Kessler,1610612762,UTA,58,1740,278,419,0.663,6,34,0.176,79,152,0.52,266,441,707,97,36,138,86,130,641,1319,1.13,0.42
2024-25,Regular%20Season,1628392,177,Isaiah Hartenstein,1610612760,OKC,57,1590,279,480,0.581,0,19,0.0,79,117,0.675,163,448,611,219,47,62,96,171,637,1241,2.28,0.49
2024-25,Regular%20Season,1630533,178,Ziaire Williams,1610612751,BKN,63,1541,214,520,0.412,103,302,0.341,101,123,0.821,61,226,287,84,62,28,67,149,632,698,1.25,0.93
2024-25,Regular%20Season,1630175,179,Cole Anthony,1610612763,MEM,67,1234,230,543,0.424,77,218,0.353,93,113,0.823,46,158,204,191,45,32,103,151,630,666,1.85,0.44
2024-25,Regular%20Season,1628976,180,Wendell Carter Jr.,1610612753,ORL,68,1758,226,491,0.46,37,158,0.234,129,175,0.737,151,341,492,134,52,41,77,199,618,949,1.74,0.68
2024-25,Regular%20Season,1631110,181,Jeremy Sochan,1610612759,SAS,54,1364,251,469,0.535,28,91,0.308,87,125,0.696,127,225,352,128,45,27,84,131,617,829,1.52,0.54
2024-25,Regular%20Season,1642268,182,Isaiah Collier,1610612762,UTA,71,1839,234,555,0.422,42,169,0.249,105,154,0.682,32,203,235,446,66,16,208,149,615,800,2.14,0.32
2024-25,Regular%20Season,203110,183,Draymond Green,1610612744,GSW,68,1983,216,509,0.424,80,246,0.325,101,147,0.687,74,340,414,383,99,70,174,219,613,1066,2.2,0.57
2024-25,Regular%20Season,1630540,184,Miles McBride,1610612752,NYK,64,1593,222,547,0.406,115,312,0.369,52,64,0.813,47,114,161,187,67,17,41,108,611,665,4.56,1.63
2024-25,Regular%20Season,1641744,185,Zach Edey,1610612763,MEM,66,1416,251,433,0.58,18,52,0.346,90,127,0.709,232,316,548,65,36,85,88,182,610,1037,0.74,0.41
2024-25,Regular%20Season,1630573,186,Sam Hauser,1610612738,BOS,71,1541,214,474,0.451,166,399,0.416,11,11,1.0,44,180,224,64,41,13,23,87,605,664,2.78,1.78
2024-25,Regular%20Season,1641722,187,Jordan Hawkins,1610612740,NOP,56,1320,207,556,0.372,110,332,0.331,80,98,0.816,25,133,158,66,30,23,58,51,604,456,1.14,0.52
2024-25,Regular%20Season,203903,188,Jordan Clarkson,1610612762,UTA,37,962,201,493,0.408,84,232,0.362,114,143,0.797,25,93,118,138,31,9,86,52,600,489,1.6,0.36
2024-25,Regular%20Season,1630560,189,Cam Thomas,1610612751,BKN,25,781,199,454,0.438,68,195,0.349,133,151,0.881,15,68,83,94,15,2,62,44,599,458,1.52,0.24
2024-25,Regular%20Season,1642276,190,Kel'el Ware,1610612748,MIA,64,1422,257,464,0.554,35,111,0.315,46,67,0.687,116,357,473,60,39,71,57,111,595,953,1.05,0.68
2024-25,Regular%20Season,1641709,191,Ausar Thompson,1610612765,DET,59,1328,246,460,0.535,11,49,0.224,91,142,0.641,111,192,303,134,98,40,80,164,594,824,1.68,1.23
2024-25,Regular%20Season,1641733,192,Nick Smith Jr.,1610612766,CHA,60,1369,222,568,0.391,104,306,0.34,43,46,0.935,13,115,128,145,17,6,82,79,591,456,1.77,0.21
2024-25,Regular%20Season,1642273,193,Kyshawn George,1610612764,WAS,68,1802,203,546,0.372,114,354,0.322,70,93,0.753,49,236,285,169,68,50,97,201,590,699,1.74,0.7
2024-25,Regular%20Season,1630558,194,Davion Mitchell,1610612748,MIA,74,2027,223,476,0.468,84,211,0.398,58,84,0.69,35,132,167,363,72,16,128,185,588,799,2.84,0.56
2024-25,Regular%20Season,1631124,194,Julian Strawther,1610612743,DEN,65,1384,210,486,0.432,94,269,0.349,74,90,0.822,17,125,142,83,39,16,57,151,588,519,1.46,0.68
2024-25,Regular%20Season,203992,196,Bogdan Bogdanović,1610612746,LAC,54,1348,210,492,0.427,105,289,0.363,58,66,0.879,24,135,159,146,41,11,74,127,583,576,1.97,0.55
2024-25,Regular%20Season,201144,197,Mike Conley,1610612750,MIN,71,1756,187,468,0.4,127,310,0.41,81,90,0.9,32,150,182,319,79,14,75,111,582,811,4.25,1.05
2024-25,Regular%20Season,1630631,198,Jose Alvarado,1610612740,NOP,56,1366,204,521,0.392,111,309,0.359,60,74,0.811,27,109,136,259,74,14,86,91,579,645,3.01,0.86
2024-25,Regular%20Season,1629028,199,Deandre Ayton,1610612757,POR,40,1206,265,468,0.566,6,32,0.188,40,60,0.667,124,282,406,64,31,39,69,88,576,824,0.93,0.45
2024-25,Regular%20Season,1628379,199,Luke Kennard,1610612763,MEM,65,1472,206,431,0.478,113,261,0.433,51,57,0.895,37,146,183,215,50,5,72,59,576,726,2.99,0.69
2024-25,Regular%20Season,1630548,201,Johnny Juzang,1610612762,UTA,64,1270,204,475,0.429,118,314,0.376,45,53,0.849,42,142,184,68,39,8,36,126,571,555,1.89,1.08
2024-25,Regular%20Season,1631170,202,Jaime Jaquez Jr.,1610612748,MIA,66,1368,213,462,0.461,37,119,0.311,107,142,0.754,84,206,290,166,61,14,98,81,570,719,1.69,0.62
2024-25,Regular%20Season,1641706,203,Brandon Miller,1610612766,CHA,27,924,198,491,0.403,104,293,0.355,68,79,0.861,25,106,131,98,29,20,76,74,568,466,1.29,0.38
2024-25,Regular%20Season,1641717,203,Cason Wallace,1610612760,OKC,68,1876,232,489,0.474,74,208,0.356,30,37,0.811,71,158,229,173,120,35,59,145,568,802,2.93,2.03
2024-25,Regular%20Season,1630591,205,Jalen Suggs,1610612753,ORL,35,1002,197,481,0.41,76,242,0.314,97,110,0.882,23,118,141,129,51,33,102,98,567,522,1.26,0.5
2024-25,Regular%20Season,1630245,206,Ayo Dosunmu,1610612741,CHI,46,1394,221,449,0.492,62,189,0.328,62,79,0.785,26,135,161,208,43,18,69,105,566,682,3.01,0.62
2024-25,Regular%20Season,1630172,206,Patrick Williams,1610612741,CHI,63,1576,205,516,0.397,96,272,0.353,60,83,0.723,43,194,237,124,48,32,86,88,566,587,1.44,0.56
2024-25,Regular%20Season,1630193,208,Immanuel Quickley,1610612761,TOR,33,918,184,438,0.42,85,225,0.378,111,128,0.867,16,101,117,191,23,4,58,61,564,570,3.29,0.4
2024-25,Regular%20Season,1630625,209,Dalano Banton,1610612757,POR,67,1120,198,507,0.391,72,222,0.324,91,125,0.728,30,105,135,160,43,34,86,58,559,502,1.86,0.5
2024-25,Regular%20Season,1631212,210,Peyton Watson,1610612743,DEN,68,1656,204,428,0.477,48,136,0.353,95,137,0.693,47,186,233,94,48,93,56,123,551,697,1.68,0.86
2024-25,Regular%20Season,1627827,211,Dorian Finney-Smith,1610612747,LAL,63,1819,195,435,0.448,129,314,0.411,30,45,0.667,80,167,247,90,58,23,56,136,549,656,1.61,1.04
2024-25,Regular%20Season,1630551,212,Justin Champagnie,1610612764,WAS,62,1341,210,411,0.511,74,193,0.383,50,73,0.685,112,239,351,60,65,39,54,110,544,781,1.11,1.2
2024-25,Regular%20Season,1627749,213,Dejounte Murray,1610612740,NOP,31,1012,194,494,0.393,52,174,0.299,102,124,0.823,17,183,200,228,63,12,106,61,542,617,2.15,0.59
2024-25,Regular%20Season,1631260,214,AJ Green,1610612749,MIL,73,1659,182,424,0.429,155,363,0.427,22,27,0.815,18,156,174,108,37,7,40,157,541,580,2.7,0.93
2024-25,Regular%20Season,1630174,214,Aaron Nesmith,1610612754,IND,45,1122,192,379,0.507,84,195,0.431,73,80,0.913,37,141,178,54,35,17,37,114,541,594,1.46,0.95
2024-25,Regular%20Season,1630215,214,Jared Butler,1610612755,PHI,60,1044,203,453,0.448,60,169,0.355,75,91,0.824,25,85,110,220,42,13,80,97,541,580,2.75,0.53
2024-25,Regular%20Season,201143,217,Al Horford,1610612738,BOS,60,1659,195,461,0.423,114,314,0.363,34,38,0.895,79,290,369,128,36,51,46,81,538,806,2.78,0.78
2024-25,Regular%20Season,1629634,218,Brandon Clarke,1610612763,MEM,64,1207,236,380,0.621,1,17,0.059,61,87,0.701,127,199,326,66,52,36,41,145,534,803,1.61,1.27
2024-25,Regular%20Season,1642347,219,Jamal Shead,1610612761,TOR,75,1467,204,504,0.405,72,223,0.323,53,69,0.768,30,85,115,316,58,10,117,158,533,599,2.7,0.5
2024-25,Regular%20Season,1641783,219,Tristan da Silva,1610612753,ORL,74,1629,199,483,0.412,80,239,0.335,55,63,0.873,73,172,245,113,33,18,56,94,533,594,2.02,0.59
2024-25,Regular%20Season,1641741,221,Ricky Council IV,1610612755,PHI,73,1250,177,463,0.382,55,213,0.258,123,153,0.804,51,163,214,97,32,13,52,67,532,520,1.86,0.61
2024-25,Regular%20Season,1630208,222,Nick Richards,1610612756,PHX,57,1256,205,347,0.591,0,2,0.0,119,160,0.744,148,318,466,49,14,55,81,141,529,849,0.6,0.17
2024-25,Regular%20Season,1631093,223,Jaden Ivey,1610612765,DET,30,898,190,413,0.46,63,154,0.409,85,116,0.733,40,84,124,119,28,11,89,67,528,467,1.34,0.32
2024-25,Regular%20Season,1630188,224,Jalen Smith,1610612741,CHI,64,962,190,408,0.466,72,222,0.324,72,89,0.809,89,268,357,65,17,44,37,95,524,735,1.76,0.46
2024-25,Regular%20Season,1631213,225,Tyrese Martin,1610612751,BKN,60,1315,189,465,0.406,99,282,0.351,46,58,0.793,58,161,219,122,34,9,74,77,523,545,1.65,0.46
2024-25,Regular%20Season,1641842,226,Ronald Holland II,1610612765,DET,81,1266,197,416,0.474,36,151,0.238,92,122,0.754,40,178,218,82,49,17,72,141,522,567,1.14,0.68
2024-25,Regular%20Season,1629611,227,Terance Mann,1610612737,ATL,67,1414,205,413,0.496,60,163,0.368,47,68,0.691,68,131,199,121,47,15,47,128,517,623,2.57,1.0
2024-25,Regular%20Season,1642346,228,Ryan Dunn,1610612756,PHX,74,1410,205,477,0.43,82,264,0.311,19,39,0.487,92,175,267,57,44,40,40,162,511,587,1.43,1.1
2024-25,Regular%20Season,1630241,229,Sam Merrill,1610612739,CLE,71,1401,172,424,0.406,137,368,0.372,28,29,0.966,38,119,157,108,53,14,35,124,509,553,3.09,1.51
2024-25,Regular%20Season,1630182,230,Josh Green,1610612766,CHA,68,1888,180,421,0.428,97,248,0.391,49,72,0.681,56,116,172,108,74,15,70,165,506,541,1.54,1.06
2024-25,Regular%20Season,1628449,231,Chris Boucher,1610612761,TOR,50,862,182,370,0.492,70,193,0.363,68,87,0.782,70,154,224,33,24,25,29,68,502,572,1.14,0.83
2024-25,Regular%20Season,1629048,231,Goga Bitadze,1610612753,ORL,70,1429,207,339,0.611,3,28,0.107,85,133,0.639,167,296,463,137,49,98,72,150,502,997,1.9,0.68
2024-25,Regular%20Season,1626166,233,Cameron Payne,1610612752,NYK,72,1090,179,446,0.401,93,256,0.363,49,54,0.907,14,90,104,203,39,16,52,111,500,538,3.9,0.75
2024-25,Regular%20Season,1630702,234,Jaden Hardy,1610612742,DAL,57,907,180,414,0.435,76,197,0.386,60,86,0.698,9,80,89,81,28,5,82,90,496,357,0.99,0.34
2024-25,Regular%20Season,1631107,235,Nikola Jović,1610612748,MIA,46,1156,172,377,0.456,78,210,0.371,72,87,0.828,26,154,180,131,38,13,60,82,494,576,2.18,0.63
2024-25,Regular%20Season,203991,236,Clint Capela,1610612737,ATL,55,1176,218,390,0.559,0,1,0.0,52,97,0.536,174,295,469,62,34,53,47,106,488,842,1.32,0.72
2024-25,Regular%20Season,1631096,237,Chet Holmgren,1610612760,OKC,32,877,167,341,0.49,44,116,0.379,101,134,0.754,48,209,257,63,23,71,56,72,479,630,1.13,0.41
2024-25,Regular%20Season,1629312,238,Haywood Highsmith,1610612748,MIA,74,1818,179,391,0.458,89,233,0.382,31,43,0.721,72,180,252,112,68,37,54,164,478,669,2.07,1.26
2024-25,Regular%20Season,1641715,239,Cam Whitmore,1610612745,HOU,51,827,179,403,0.444,65,183,0.355,54,72,0.75,36,115,151,49,31,13,46,44,477,433,1.06,0.67
2024-25,Regular%20Season,1627739,240,Kris Dunn,1610612746,LAC,74,1783,192,437,0.439,75,224,0.335,15,22,0.682,53,198,251,210,128,27,74,197,474,764,2.84,1.73
2024-25,Regular%20Season,1629622,241,Max Strus,1610612739,CLE,50,1273,165,373,0.442,113,293,0.386,28,34,0.824,53,164,217,158,26,12,54,104,471,616,2.93,0.48
2024-25,Regular%20Season,1641716,242,Jarace Walker,1610612754,IND,75,1187,170,360,0.472,75,185,0.405,46,69,0.667,25,204,229,110,54,25,78,115,461,588,1.41,0.69
2024-25,Regular%20Season,1629216,243,Gabe Vincent,1610612747,LAL,72,1527,168,420,0.4,109,309,0.353,15,21,0.714,20,72,92,98,51,13,41,152,460,415,2.39,1.24
2024-25,Regular%20Season,1631222,244,Jake LaRavia,1610612758,SAC,66,1349,160,337,0.475,60,142,0.423,78,115,0.678,90,169,259,158,62,23,86,132,458,660,1.84,0.72
2024-25,Regular%20Season,203994,245,Jusuf Nurkić,1610612766,CHA,51,1063,168,352,0.477,32,105,0.305,85,128,0.664,85,313,398,115,40,34,97,130,453,716,1.19,0.41
2024-25,Regular%20Season,203954,246,Joel Embiid,1610612755,PHI,19,574,140,315,0.444,23,77,0.299,149,169,0.882,36,119,155,85,14,18,62,42,452,467,1.37,0.23
2024-25,Regular%20Season,1626168,247,Trey Lyles,1610612758,SAC,69,1350,157,374,0.42,81,238,0.34,56,80,0.7,80,236,316,82,41,23,39,86,451,633,2.1,1.05
2024-25,Regular%20Season,1630570,248,Trendon Watford,1610612751,BKN,44,913,164,350,0.469,29,88,0.33,93,122,0.762,37,123,160,115,27,12,83,95,450,466,1.39,0.33
2024-25,Regular%20Season,1642266,249,Ja'Kobe Walter,1610612761,TOR,52,1103,159,393,0.405,65,186,0.349,66,83,0.795,59,101,160,81,43,10,50,95,449,442,1.62,0.86
2024-25,Regular%20Season,1630527,250,Brandon Boston,1610612740,NOP,42,993,166,381,0.436,49,140,0.35,67,85,0.788,28,106,134,92,53,9,52,73,448,451,1.77,1.02
2024-25,Regular%20Season,1631323,251,Simone Fontecchio,1610612765,DET,75,1237,150,373,0.402,76,227,0.335,70,84,0.833,52,163,215,65,31,12,54,95,446,478,1.2,0.57
2024-25,Regular%20Season,1642348,252,Justin Edwards,1610612755,PHI,44,1155,172,378,0.455,69,190,0.363,32,46,0.696,46,102,148,69,45,16,49,98,445,454,1.41,0.92
2024-25,Regular%20Season,203552,253,Seth Curry,1610612766,CHA,68,1062,164,343,0.478,83,182,0.456,33,39,0.846,24,89,113,60,27,7,32,59,444,434,1.88,0.84
2024-25,Regular%20Season,1628436,254,Luke Kornet,1610612738,BOS,73,1361,187,280,0.668,0,3,0.0,67,97,0.691,190,198,388,117,36,71,31,119,441,899,3.77,1.16
2024-25,Regular%20Season,203114,255,Khris Middleton,1610612764,WAS,37,843,160,337,0.475,48,133,0.361,72,84,0.857,13,124,137,150,35,8,56,75,440,525,2.68,0.63
2024-25,Regular%20Season,1630643,256,Jay Huff,1610612763,MEM,64,748,157,305,0.515,81,200,0.405,44,56,0.786,30,99,129,38,16,56,34,78,439,484,1.12,0.47
2024-25,Regular%20Season,1642270,257,Donovan Clingan,1610612757,POR,67,1324,180,334,0.539,14,49,0.286,62,104,0.596,217,310,527,77,34,110,72,189,436,916,1.07,0.47
2024-25,Regular%20Season,1629026,257,Kenrich Williams,1610612760,OKC,69,1132,171,354,0.483,66,171,0.386,28,39,0.718,65,176,241,97,43,10,39,110,436,594,2.49,1.1
2024-25,Regular%20Season,1630191,259,Isaiah Stewart,1610612765,DET,72,1434,176,315,0.559,17,53,0.321,66,87,0.759,130,269,399,123,28,101,68,183,435,858,1.81,0.41
2024-25,Regular%20Season,1628418,260,Thomas Bryant,1610612754,IND,66,963,163,321,0.508,48,148,0.324,55,64,0.859,83,168,251,53,28,41,30,76,429,605,1.77,0.93
2024-25,Regular%20Season,1641730,261,Noah Clowney,1610612751,BKN,46,1042,133,372,0.358,87,261,0.333,67,80,0.838,43,138,181,40,24,21,46,105,420,388,0.87,0.52
2024-25,Regular%20Season,1642419,262,Jamison Battle,1610612761,TOR,59,1042,149,347,0.429,105,259,0.405,16,18,0.889,37,121,158,53,17,10,27,92,419,430,1.96,0.63
2024-25,Regular%20Season,1630526,263,Jeremiah Robinson-Earl,1610612740,NOP,66,1239,158,347,0.455,56,164,0.341,46,55,0.836,110,205,315,88,39,7,51,79,418,618,1.73,0.77
2024-25,Regular%20Season,1630249,264,Vít Krejčí,1610612737,ATL,57,1153,145,292,0.497,90,206,0.437,32,45,0.711,22,134,156,147,36,26,50,105,412,567,2.94,0.72
2024-25,Regular%20Season,1631218,265,Trayce Jackson-Davis,1610612744,GSW,62,967,174,302,0.576,0,3,0.0,59,102,0.578,122,189,311,104,23,38,45,73,407,667,2.31,0.51
2024-25,Regular%20Season,1628380,265,Zach Collins,1610612741,CHI,64,977,153,302,0.507,32,106,0.302,69,78,0.885,102,186,288,111,29,29,60,132,407,646,1.85,0.48
2024-25,Regular%20Season,1631217,267,Moussa Diabaté,1610612766,CHA,71,1241,167,280,0.596,0,6,0.0,69,116,0.595,187,251,438,56,46,40,61,109,403,762,0.92,0.75
2024-25,Regular%20Season,1627742,268,Brandon Ingram,1610612761,TOR,18,595,155,333,0.465,43,115,0.374,47,55,0.855,17,83,100,93,16,11,69,45,400,365,1.35,0.23
2024-25,Regular%20Season,1627780,268,Gary Payton II,1610612744,GSW,62,927,171,298,0.574,31,95,0.326,27,38,0.711,53,132,185,83,52,17,39,108,400,560,2.13,1.33
2024-25,Regular%20Season,1630549,270,Day'Ron Sharpe,1610612751,BKN,50,907,165,317,0.521,11,45,0.244,56,74,0.757,149,181,330,91,41,42,63,113,397,668,1.44,0.65
2024-25,Regular%20Season,1642367,271,Jonathan Mogbo,1610612761,TOR,63,1286,156,356,0.438,17,70,0.243,60,82,0.732,109,202,311,146,55,34,70,136,389,643,2.09,0.79
2024-25,Regular%20Season,1629021,272,Moritz Wagner,1610612753,ORL,30,564,140,249,0.562,27,75,0.36,79,110,0.718,40,108,148,42,24,12,49,55,386,423,0.86,0.49
2024-25,Regular%20Season,1630572,273,Sandro Mamukelashvili,1610612759,SAS,61,681,141,281,0.502,60,161,0.373,43,58,0.741,62,125,187,48,22,17,26,60,385,478,1.85,0.85
2024-25,Regular%20Season,203482,274,Kelly Olynyk,1610612740,NOP,44,891,134,268,0.5,33,79,0.418,83,108,0.769,62,144,206,128,33,19,76,123,384,535,1.68,0.43
2024-25,Regular%20Season,1629637,275,Jaxson Hayes,1610612747,LAL,56,1093,161,223,0.722,0,3,0.0,61,98,0.622,78,191,269,58,31,51,43,136,383,650,1.35,0.72
2024-25,Regular%20Season,1627936,276,Alex Caruso,1610612760,OKC,54,1041,140,314,0.446,60,170,0.353,42,51,0.824,38,121,159,137,87,30,37,102,382,575,3.7,2.35
2024-25,Regular%20Season,1628371,277,Jonathan Isaac,1610612753,ORL,71,1090,134,324,0.414,39,151,0.258,73,107,0.682,120,194,314,40,61,80,33,90,380,618,1.21,1.85
2024-25,Regular%20Season,1630173,278,Precious Achiuwa,1610612752,NYK,57,1170,164,327,0.502,10,36,0.278,41,69,0.594,101,216,317,55,47,42,45,81,379,604,1.22,1.04
2024-25,Regular%20Season,1629659,278,Talen Horton-Tucker,1610612741,CHI,58,724,133,291,0.457,41,122,0.336,72,98,0.735,19,81,100,83,21,11,40,59,379,370,2.08,0.53
2024-25,Regular%20Season,1631204,280,Marcus Sasser,1610612765,DET,57,811,137,296,0.463,58,152,0.382,43,51,0.843,18,51,69,133,37,4,54,72,375,397,2.46,0.69
2024-25,Regular%20Season,1641763,281,Julian Phillips,1610612741,CHI,79,1123,128,287,0.446,50,153,0.327,60,76,0.789,67,102,169,39,38,20,27,108,366,430,1.44,1.41
2024-25,Regular%20Season,1628998,282,Cody Martin,1610612756,PHX,53,1173,136,325,0.418,43,151,0.285,43,61,0.705,53,171,224,105,56,32,51,95,358,517,2.06,1.1
2024-25,Regular%20Season,203937,283,Kyle Anderson,1610612748,MIA,61,1002,142,303,0.469,25,70,0.357,48,65,0.738,53,153,206,145,40,33,37,81,357,566,3.92,1.08
2024-25,Regular%20Season,202692,284,Alec Burks,1610612748,MIA,49,864,115,271,0.424,88,207,0.425,38,49,0.776,15,109,124,55,28,7,29,37,356,374,1.9,0.97
2024-25,Regular%20Season,1628997,284,Caleb Martin,1610612742,DAL,45,1218,129,304,0.424,37,103,0.359,61,98,0.622,53,124,177,95,46,23,56,87,356,429,1.7,0.82
2024-25,Regular%20Season,1629726,286,Garrison Mathews,1610612737,ATL,47,830,102,257,0.397,85,218,0.39,64,78,0.821,13,74,87,60,26,15,31,81,353,341,1.94,0.84
2024-25,Regular%20Season,1642275,286,Tidjane Salaün,1610612766,CHA,60,1244,114,345,0.33,58,205,0.283,67,94,0.713,70,210,280,74,29,14,58,84,353,434,1.28,0.5
2024-25,Regular%20Season,1642272,288,Jared McCain,1610612755,PHI,23,592,126,274,0.46,51,133,0.383,49,56,0.875,13,43,56,60,15,0,37,37,352,291,1.62,0.41
2024-25,Regular%20Season,1631157,289,Ryan Rollins,1610612749,MIL,56,820,132,271,0.487,49,120,0.408,36,45,0.8,21,87,108,104,42,17,53,88,349,419,1.96,0.79
2024-25,Regular%20Season,1629750,290,Javonte Green,1610612739,CLE,68,1258,123,287,0.429,46,141,0.326,55,76,0.724,59,159,218,56,65,31,32,98,347,500,1.75,2.03
2024-25,Regular%20Season,1626172,291,Kevon Looney,1610612744,GSW,76,1142,143,278,0.514,2,5,0.4,56,99,0.566,185,277,462,118,46,37,39,154,344,790,3.03,1.18
2024-25,Regular%20Season,1628988,292,Aaron Holiday,1610612745,HOU,62,792,117,268,0.437,72,181,0.398,34,41,0.829,13,65,78,83,19,11,37,64,340,336,2.24,0.51
2024-25,Regular%20Season,1628971,292,Bruce Brown,1610612740,NOP,41,922,130,309,0.421,27,81,0.333,53,65,0.815,40,124,164,84,34,10,39,71,340,402,2.15,0.87
2024-25,Regular%20Season,1642366,292,Quinten Post,1610612744,GSW,42,686,123,274,0.449,73,179,0.408,21,27,0.778,35,113,148,56,16,18,33,83,340,388,1.7,0.48
2024-25,Regular%20Season,1641737,295,Adem Bona,1610612755,PHI,58,905,135,192,0.703,0,1,0.0,67,100,0.67,92,153,245,27,26,69,61,125,337,553,0.44,0.43
2024-25,Regular%20Season,1630171,295,Isaac Okoro,1610612739,CLE,55,1053,124,267,0.464,56,151,0.371,33,46,0.717,49,81,130,68,32,16,23,104,337,404,2.96,1.39
2024-25,Regular%20Season,1629004,297,Svi Mykhailiuk,1610612762,UTA,38,760,118,302,0.391,70,203,0.345,28,35,0.8,22,68,90,76,19,7,52,43,334,283,1.46,0.36
2024-25,Regular%20Season,203486,298,Mason Plumlee,1610612756,PHX,74,1300,125,202,0.619,0,4,0.0,83,128,0.648,116,339,455,134,33,47,59,154,333,821,2.27,0.56
2024-25,Regular%20Season,1641767,299,Ben Sheppard,1610612754,IND,63,1230,120,287,0.418,68,199,0.342,24,27,0.889,44,133,177,85,38,14,22,125,332,454,3.86,1.73
2024-25,Regular%20Season,1630200,300,Tre Jones,1610612741,CHI,46,905,128,238,0.538,19,48,0.396,55,67,0.821,31,85,116,192,37,10,35,55,330,528,5.49,1.06
2024-25,Regular%20Season,1641774,300,Tristan Vukcevic,1610612764,WAS,35,513,120,242,0.496,38,102,0.373,52,67,0.776,26,104,130,39,11,23,42,57,330,354,0.93,0.26
2024-25,Regular%20Season,1631207,302,Dalen Terry,1610612741,CHI,73,987,120,268,0.448,37,104,0.356,49,69,0.71,38,86,124,97,44,15,53,114,326,385,1.83,0.83
2024-25,Regular%20Season,1631255,303,Karlo Matković,1610612740,NOP,42,791,135,235,0.574,21,66,0.318,34,44,0.773,64,145,209,46,22,41,43,106,325,490,1.07,0.51
2024-25,Regular%20Season,1629731,304,Dean Wade,1610612739,CLE,59,1253,112,271,0.413,80,222,0.36,16,30,0.533,51,198,249,76,42,20,22,101,320,512,3.46,1.91
2024-25,Regular%20Season,1629610,305,DaQuan Jeffries,1610612766,CHA,47,1071,118,291,0.405,55,164,0.335,24,30,0.8,37,98,135,53,26,25,35,99,315,340,1.51,0.74
2024-25,Regular%20Season,1629003,305,Shake Milton,1610612747,LAL,57,836,115,254,0.453,38,106,0.358,47,59,0.797,31,73,104,102,25,4,40,67,315,359,2.55,0.63
2024-25,Regular%20Season,1641726,307,Dereck Lively II,1610612742,DAL,36,833,134,191,0.702,0,0,0.0,46,73,0.63,104,166,270,85,20,56,41,100,314,620,2.07,0.49
2024-25,Regular%20Season,1631133,308,Jabari Walker,1610612757,POR,60,749,118,229,0.515,28,72,0.389,49,71,0.69,59,152,211,37,33,6,34,87,313,433,1.09,0.97
2024-25,Regular%20Season,201587,308,Nicolas Batum,1610612746,LAC,78,1367,104,238,0.437,88,203,0.433,17,21,0.81,47,171,218,84,52,36,34,111,313,531,2.47,1.53
2024-25,Regular%20Season,1629674,310,Neemias Queta,1610612738,BOS,62,863,132,203,0.65,0,3,0.0,46,61,0.754,89,147,236,45,18,42,40,106,310,525,1.13,0.45
2024-25,Regular%20Season,1641810,311,Antonio Reeves,1610612740,NOP,44,660,113,248,0.456,51,129,0.395,28,35,0.8,18,45,63,39,21,4,30,40,305,260,1.3,0.7
2024-25,Regular%20Season,1627763,311,Malcolm Brogdon,1610612764,WAS,24,564,104,240,0.433,16,56,0.286,81,92,0.88,21,70,91,98,13,5,38,30,305,327,2.58,0.34
2024-25,Regular%20Season,203935,311,Marcus Smart,1610612764,WAS,34,680,101,257,0.393,49,141,0.348,54,71,0.761,18,54,72,109,39,9,54,53,305,307,2.02,0.72
2024-25,Regular%20Season,1631115,314,Orlando Robinson,1610612761,TOR,44,770,116,261,0.444,17,52,0.327,54,70,0.771,89,131,220,77,17,16,49,100,303,423,1.57,0.35
2024-25,Regular%20Season,203083,315,Andre Drummond,1610612755,PHI,40,751,117,234,0.5,3,20,0.15,56,90,0.622,109,201,310,34,39,18,55,94,293,488,0.62,0.71
2024-25,Regular%20Season,1631200,316,Kris Murray,1610612757,POR,69,1040,117,279,0.419,27,120,0.225,26,57,0.456,76,106,182,68,35,17,43,66,287,353,1.58,0.81
2024-25,Regular%20Season,1629013,317,Landry Shamet,1610612752,NYK,50,762,106,230,0.461,62,156,0.397,12,18,0.667,11,50,61,27,23,2,22,52,286,247,1.23,1.04
2024-25,Regular%20Season,1630288,318,Jeff Dowtin Jr.,1610612755,PHI,41,621,112,230,0.487,28,70,0.4,33,45,0.733,12,48,60,78,24,12,15,29,285,314,5.2,1.6
2024-25,Regular%20Season,1629006,319,Josh Okogie,1610612766,CHA,40,625,94,212,0.443,32,92,0.348,63,85,0.741,45,68,113,33,48,18,31,47,283,324,1.06,1.55
2024-25,Regular%20Season,1642354,320,KJ Simpson,1610612766,CHA,36,842,104,301,0.346,33,130,0.254,41,50,0.82,39,70,109,112,34,6,56,56,282,281,2.0,0.61
2024-25,Regular%20Season,1629234,321,Drew Eubanks,1610612746,LAC,61,746,115,194,0.593,3,6,0.5,47,71,0.662,60,166,226,54,12,39,41,63,280,467,1.32,0.29
2024-25,Regular%20Season,1631119,322,Jaylin Williams,1610612760,OKC,47,784,97,221,0.439,61,153,0.399,23,30,0.767,48,214,262,120,22,29,35,79,278,545,3.43,0.63
2024-25,Regular%20Season,1630314,323,Brandon Williams,1610612742,DAL,33,487,98,188,0.521,24,60,0.4,55,66,0.833,12,46,58,76,24,5,39,33,275,298,1.95,0.61
2024-25,Regular%20Season,1630231,324,KJ Martin,1610612762,UTA,43,912,111,201,0.552,15,58,0.259,37,47,0.787,30,95,125,48,17,22,24,101,274,362,2.0,0.71
2024-25,Regular%20Season,203995,325,Vasilije Micic,1610612756,PHX,41,785,95,273,0.348,45,125,0.36,34,41,0.829,20,69,89,128,15,0,77,45,269,239,1.66,0.2
2024-25,Regular%20Season,1641724,326,Jett Howard,1610612753,ORL,60,701,98,262,0.374,55,186,0.296,16,23,0.696,20,50,70,44,13,11,36,68,267,198,1.22,0.36
2024-25,Regular%20Season,1628366,326,Lonzo Ball,1610612741,CHI,35,777,89,243,0.366,67,195,0.344,22,27,0.815,25,93,118,115,47,17,41,55,267,364,2.81,1.15
2024-25,Regular%20Season,1641787,326,Tosan Evbuomwan,1610612751,BKN,28,665,94,220,0.427,24,77,0.312,55,73,0.753,32,88,120,55,24,10,39,55,267,293,1.41,0.61
2024-25,Regular%20Season,201569,329,Eric Gordon,1610612755,PHI,39,769,87,204,0.426,56,137,0.409,36,48,0.75,8,38,46,65,26,12,28,32,266,258,2.32,0.93
2024-25,Regular%20Season,1627732,330,Ben Simmons,1610612746,LAC,51,1120,116,223,0.52,0,0,0.0,24,33,0.727,47,194,241,285,38,23,102,107,256,625,2.79,0.37
2024-25,Regular%20Season,1630322,330,Lindy Waters III,1610612765,DET,52,778,92,249,0.369,64,186,0.344,8,11,0.727,20,90,110,52,27,11,20,62,256,276,2.6,1.35
2024-25,Regular%20Season,1642345,332,Oso Ighodaro,1610612756,PHX,61,1046,113,187,0.604,0,2,0.0,29,50,0.58,66,156,222,71,28,29,39,102,255,471,1.82,0.72
2024-25,Regular%20Season,1641796,333,Pelle Larsson,1610612748,MIA,55,782,89,203,0.438,32,95,0.337,41,61,0.672,28,64,92,65,32,7,24,91,251,289,2.71,1.33
2024-25,Regular%20Season,1629022,334,Lonnie Walker IV,1610612755,PHI,20,477,89,212,0.42,45,127,0.354,24,30,0.8,6,57,63,50,10,5,25,27,247,221,2.0,0.4
2024-25,Regular%20Season,1629626,335,Bol Bol,1610612756,PHX,36,448,96,183,0.525,32,93,0.344,20,26,0.769,20,84,104,22,9,25,20,20,244,291,1.1,0.45
2024-25,Regular%20Season,1631216,336,Caleb Houstan,1610612753,ORL,58,788,80,190,0.421,64,160,0.4,15,17,0.882,19,56,75,35,22,6,13,62,239,252,2.69,1.69
2024-25,Regular%20Season,1630639,337,A.J. Lawson,1610612761,TOR,26,486,80,190,0.421,33,101,0.327,43,63,0.683,20,66,86,31,13,6,15,44,236,227,2.07,0.87
2024-25,Regular%20Season,1631103,338,Malaki Branham,1610612759,SAS,47,427,87,190,0.458,34,84,0.405,27,33,0.818,7,44,51,38,11,2,34,29,235,194,1.12,0.32
2024-25,Regular%20Season,1642349,339,Ajay Mitchell,1610612760,OKC,36,597,91,184,0.495,23,60,0.383,29,35,0.829,18,50,68,64,25,4,29,68,234,267,2.21,0.86
2024-25,Regular%20Season,1628420,340,Monté Morris,1610612756,PHX,45,571,83,195,0.426,31,86,0.36,36,42,0.857,12,55,67,73,20,3,21,23,233,257,3.48,0.95
2024-25,Regular%20Season,1641748,341,Andre Jackson Jr.,1610612749,MIL,67,980,94,197,0.477,30,76,0.395,12,24,0.5,65,117,182,83,34,14,58,114,230,370,1.43,0.59
2024-25,Regular%20Season,1642262,341,Cody Williams,1610612762,UTA,50,1060,83,257,0.323,35,135,0.259,29,40,0.725,27,86,113,59,23,16,44,95,230,212,1.34,0.52
2024-25,Regular%20Season,1626158,341,Richaun Holmes,1610612764,WAS,31,534,90,139,0.647,0,3,0.0,50,60,0.833,62,115,177,42,9,23,21,49,230,401,2.0,0.43
2024-25,Regular%20Season,1642263,344,Reed Sheppard,1610612745,HOU,52,654,84,239,0.351,48,142,0.338,13,16,0.813,16,62,78,75,35,17,37,53,229,239,2.03,0.95
2024-25,Regular%20Season,1630611,345,Gui Santos,1610612744,GSW,56,762,82,179,0.458,34,103,0.33,29,42,0.69,72,100,172,80,25,10,42,91,227,362,1.91,0.59
2024-25,Regular%20Season,203500,346,Steven Adams,1610612745,HOU,58,794,91,167,0.545,0,2,0.0,43,93,0.462,166,161,327,66,22,28,54,60,225,488,1.22,0.41
2024-25,Regular%20Season,1642358,347,AJ Johnson,1610612764,WAS,29,638,82,213,0.385,24,90,0.267,32,37,0.865,8,51,59,76,12,3,35,50,220,199,2.17,0.34
2024-25,Regular%20Season,1642265,348,Rob Dillingham,1610612750,MIN,49,516,93,211,0.441,25,74,0.338,8,15,0.533,12,38,50,98,20,1,53,37,219,210,1.85,0.38
2024-25,Regular%20Season,1631104,349,Blake Wesley,1610612759,SAS,58,683,81,186,0.435,17,58,0.293,38,61,0.623,17,44,61,114,37,6,54,46,217,253,2.11,0.69
2024-25,Regular%20Season,1626192,350,Pat Connaughton,1610612749,MIL,41,603,83,177,0.469,26,81,0.321,24,31,0.774,19,90,109,70,9,11,24,45,216,290,2.92,0.38
2024-25,Regular%20Season,201599,351,DeAndre Jordan,1610612743,DEN,56,691,91,140,0.65,0,0,0.0,27,64,0.422,84,200,284,53,16,27,40,74,209,463,1.32,0.4
2024-25,Regular%20Season,1641713,351,GG Jackson,1610612763,MEM,29,459,74,199,0.372,32,95,0.337,29,40,0.725,27,65,92,29,12,5,31,30,209,180,0.94,0.39
2024-25,Regular%20Season,1630529,353,Herbert Jones,1610612740,NOP,20,648,75,172,0.436,22,72,0.306,33,40,0.825,22,56,78,65,37,9,35,66,205,255,1.86,1.06
2024-25,Regular%20Season,1626204,354,Larry Nance Jr.,1610612737,ATL,24,463,80,155,0.516,34,76,0.447,9,13,0.692,23,80,103,38,20,13,16,37,203,282,2.38,1.25
2024-25,Regular%20Season,1641765,355,Olivier-Maxence Prosper,1610612742,DAL,52,584,70,174,0.402,12,51,0.235,49,76,0.645,44,82,126,40,26,6,14,28,201,254,2.86,1.86
2024-25,Regular%20Season,1629618,356,Jalen Pickett,1610612743,DEN,49,666,77,180,0.428,40,101,0.396,6,8,0.75,15,56,71,107,19,5,24,38,200,273,4.46,0.79
2024-25,Regular%20Season,1629111,356,Jock Landale,1610612745,HOU,42,500,81,152,0.533,11,26,0.423,27,40,0.675,56,81,137,37,13,10,21,49,200,292,1.76,0.62
2024-25,Regular%20Season,1630539,358,Kai Jones,1610612742,DAL,40,468,87,109,0.798,1,5,0.2,23,32,0.719,40,85,125,25,15,23,18,50,198,337,1.39,0.83
2024-25,Regular%20Season,1631243,359,Mouhamed Gueye,1610612737,ATL,33,533,72,171,0.421,21,81,0.259,32,42,0.762,44,95,139,27,28,33,15,55,197,300,1.8,1.87
2024-25,Regular%20Season,1631288,360,Jamal Cain,1610612740,NOP,37,502,68,158,0.43,26,80,0.325,34,50,0.68,27,58,85,22,23,9,22,46,196,207,1.0,1.04
2024-25,Regular%20Season,1631221,361,Collin Gillespie,1610612756,PHX,33,461,68,158,0.43,39,90,0.433,19,22,0.864,22,56,78,78,21,5,17,30,194,266,4.59,1.24
2024-25,Regular%20Season,1641871,361,Duop Reath,1610612757,POR,46,469,70,166,0.422,34,106,0.321,20,22,0.909,44,48,92,26,12,14,16,41,194,224,1.63,0.75
2024-25,Regular%20Season,1641854,363,Craig Porter Jr.,1610612739,CLE,51,513,72,140,0.514,21,48,0.438,23,32,0.719,19,48,67,71,17,15,38,25,188,243,1.87,0.45
2024-25,Regular%20Season,1630256,363,Jae'Sean Tate,1610612745,HOU,52,588,70,148,0.473,16,46,0.348,32,47,0.681,50,67,117,47,26,7,22,82,188,270,2.14,1.18
2024-25,Regular%20Season,1630194,365,Paul Reed,1610612765,DET,45,438,72,142,0.507,8,28,0.286,32,42,0.762,40,83,123,44,39,25,26,75,184,309,1.69,1.5
2024-25,Regular%20Season,1630192,365,Zeke Nnaji,1610612743,DEN,57,608,70,141,0.496,17,52,0.327,27,44,0.614,33,57,90,23,25,38,14,62,184,258,1.64,1.79
2024-25,Regular%20Season,1630544,367,Tre Mann,1610612766,CHA,13,319,70,161,0.435,24,60,0.4,19,21,0.905,12,26,38,39,7,4,25,24,183,153,1.56,0.28
2024-25,Regular%20Season,1631246,368,Vince Williams Jr.,1610612763,MEM,27,499,67,167,0.401,26,95,0.274,19,24,0.792,22,76,98,55,12,7,33,45,179,213,1.67,0.36
2024-25,Regular%20Season,202709,369,Cory Joseph,1610612753,ORL,50,612,62,154,0.403,39,107,0.364,14,18,0.778,17,57,74,72,26,4,18,50,177,239,4.0,1.44
2024-25,Regular%20Season,203957,370,Danté Exum,1610612742,DAL,20,372,64,134,0.478,23,53,0.434,23,31,0.742,4,29,33,56,12,3,22,34,174,178,2.54,0.55
2024-25,Regular%20Season,201145,371,Jeff Green,1610612745,HOU,32,396,61,121,0.504,29,79,0.367,21,26,0.808,11,47,58,20,6,4,9,32,172,186,2.22,0.67
2024-25,Regular%20Season,1630811,372,Keaton Wallace,1610612737,ATL,31,501,65,162,0.401,27,82,0.329,11,11,1.0,7,43,50,81,28,9,33,39,168,206,2.46,0.85
2024-25,Regular%20Season,1630556,372,Kessler Edwards,1610612742,DAL,40,608,67,135,0.496,22,54,0.407,12,13,0.923,22,93,115,42,19,20,16,62,168,279,2.63,1.19
2024-25,Regular%20Season,1642281,374,Jaylon Tyson,1610612739,CLE,47,453,64,149,0.43,20,58,0.345,19,24,0.792,37,59,96,44,13,3,26,50,167,207,1.69,0.5
2024-25,Regular%20Season,1629684,375,Grant Williams,1610612766,CHA,16,479,54,123,0.439,27,74,0.365,31,37,0.838,18,64,82,37,18,13,28,46,166,213,1.32,0.64
2024-25,Regular%20Season,1641740,376,Jaylen Clark,1610612750,MIN,40,522,56,120,0.467,22,51,0.431,29,37,0.784,26,27,53,26,36,2,8,61,163,200,3.25,4.5
2024-25,Regular%20Season,1628464,377,Daniel Theis,1610612740,NOP,38,621,61,129,0.473,9,37,0.243,31,37,0.838,44,120,164,60,18,20,25,70,162,325,2.4,0.72
2024-25,Regular%20Season,1630695,377,Micah Potter,1610612762,UTA,38,705,57,135,0.422,31,98,0.316,17,20,0.85,43,121,164,31,14,14,31,50,162,273,1.0,0.45
2024-25,Regular%20Season,1631245,377,Quenton Jackson,1610612754,IND,28,381,58,122,0.475,15,40,0.375,31,40,0.775,14,30,44,53,21,5,16,43,162,196,3.31,1.31
2024-25,Regular%20Season,1630692,380,Jordan Goodwin,1610612747,LAL,29,543,63,144,0.438,26,68,0.382,9,11,0.818,38,74,112,42,30,11,26,43,161,247,1.61,1.15
2024-25,Regular%20Season,1629646,381,Charles Bassey,1610612759,SAS,36,376,68,117,0.581,0,0,0.0,21,33,0.636,56,96,152,17,14,30,23,50,157,286,0.74,0.61
2024-25,Regular%20Season,1641732,381,Colby Jones,1610612764,WAS,39,515,59,129,0.457,16,49,0.327,23,35,0.657,21,66,87,44,26,13,23,37,157,222,1.91,1.13
2024-25,Regular%20Season,1641712,383,Rayan Rupert,1610612757,POR,52,460,58,142,0.408,16,59,0.271,23,30,0.767,26,44,70,25,16,4,30,37,155,149,0.83,0.53
2024-25,Regular%20Season,1631223,384,David Roddy,1610612745,HOU,33,410,57,125,0.456,19,61,0.311,20,26,0.769,13,71,84,35,14,9,22,20,153,199,1.59,0.64
2024-25,Regular%20Season,1628975,384,Jevon Carter,1610612741,CHI,36,321,55,146,0.377,35,105,0.333,8,10,0.8,4,35,39,40,13,3,11,15,153,144,3.64,1.18
2024-25,Regular%20Season,1641757,386,Jordan Miller,1610612746,LAC,37,420,58,134,0.433,8,38,0.211,28,35,0.8,23,35,58,34,17,5,26,26,152,157,1.31,0.65
2024-25,Regular%20Season,1630243,386,Trevelin Queen,1610612753,ORL,31,430,56,147,0.381,22,77,0.286,18,21,0.857,26,28,54,38,31,10,22,38,152,169,1.73,1.41
2024-25,Regular%20Season,1631111,388,Wendell Moore Jr.,1610612766,CHA,36,499,59,126,0.468,14,41,0.341,18,22,0.818,30,65,95,42,20,5,27,31,150,214,1.56,0.74
2024-25,Regular%20Season,1630538,389,Bones Hyland,1610612750,MIN,24,239,47,118,0.398,32,82,0.39,23,26,0.885,5,20,25,32,18,4,25,29,149,129,1.28,0.72
2024-25,Regular%20Season,1631230,390,Dominick Barlow,1610612737,ATL,35,375,60,113,0.531,7,27,0.259,21,33,0.636,35,50,85,19,9,16,5,47,148,207,3.8,1.8
2024-25,Regular%20Season,203926,391,Doug McDermott,1610612758,SAC,42,342,50,117,0.427,44,101,0.436,3,5,0.6,3,19,22,7,4,2,6,30,147,107,1.17,0.67
2024-25,Regular%20Season,1629020,391,Jarred Vanderbilt,1610612747,LAL,36,581,59,121,0.488,9,32,0.281,20,36,0.556,68,114,182,41,35,10,29,67,147,308,1.41,1.21
2024-25,Regular%20Season,203914,393,Gary Harris,1610612753,ORL,48,711,51,133,0.383,36,101,0.356,7,12,0.583,20,44,64,30,26,12,17,45,145,173,1.76,1.53
2024-25,Regular%20Season,202687,394,Bismack Biyombo,1610612759,SAS,28,528,67,114,0.588,0,0,0.0,10,25,0.4,43,115,158,31,16,23,27,52,144,283,1.15,0.59
2024-25,Regular%20Season,1631232,395,Keion Brooks Jr.,1610612740,NOP,14,332,53,109,0.486,14,43,0.326,22,30,0.733,12,46,58,13,10,10,12,30,142,157,1.08,0.83
2024-25,Regular%20Season,1631172,395,Ousmane Dieng,1610612760,OKC,37,405,54,125,0.432,23,71,0.324,11,16,0.688,18,63,81,31,17,7,18,33,142,184,1.72,0.94
2024-25,Regular%20Season,1642269,397,Devin Carter,1610612758,SAC,36,396,47,127,0.37,18,61,0.295,26,44,0.591,19,57,76,41,21,4,18,39,138,164,2.28,1.17
2024-25,Regular%20Season,200768,397,Kyle Lowry,1610612755,PHI,35,659,41,117,0.35,29,88,0.33,27,33,0.818,11,56,67,96,33,11,21,62,138,242,4.57,1.57
2024-25,Regular%20Season,1630568,397,Luka Garza,1610612750,MIN,39,219,52,105,0.495,10,36,0.278,24,35,0.686,31,23,54,11,6,3,12,29,138,136,0.92,0.5
2024-25,Regular%20Season,1628964,397,Mo Bamba,1610612740,NOP,32,413,52,112,0.464,15,54,0.278,19,27,0.704,32,113,145,18,9,31,20,56,138,253,0.9,0.45
2024-25,Regular%20Season,1630545,397,Terrence Shannon Jr.,1610612750,MIN,32,339,55,114,0.482,11,31,0.355,17,21,0.81,10,37,47,32,7,5,15,27,138,151,2.13,0.47
2024-25,Regular%20Season,1628963,402,Marvin Bagley III,1610612763,MEM,31,265,55,106,0.519,3,19,0.158,23,35,0.657,38,46,84,11,9,8,12,18,136,173,0.92,0.75
2024-25,Regular%20Season,202704,402,Reggie Jackson,1610612755,PHI,31,384,52,133,0.391,25,74,0.338,7,9,0.778,8,34,42,45,16,3,17,34,136,142,2.65,0.94
2024-25,Regular%20Season,1641794,404,Dillon Jones,1610612760,OKC,54,552,51,133,0.383,16,63,0.254,17,28,0.607,30,91,121,58,16,4,28,54,135,213,2.07,0.57
2024-25,Regular%20Season,1641816,405,Hunter Tyson,1610612743,DEN,51,400,45,120,0.375,23,74,0.311,21,28,0.75,25,53,78,20,10,6,14,44,134,152,1.43,0.71
2024-25,Regular%20Season,1642403,405,Isaac Jones,1610612758,SAC,40,304,54,83,0.651,3,8,0.375,23,36,0.639,22,35,57,12,5,10,16,30,134,160,0.75,0.31
2024-25,Regular%20Season,1630264,407,Anthony Gill,1610612764,WAS,51,398,43,88,0.489,10,31,0.323,33,50,0.66,18,48,66,16,9,2,10,30,129,150,1.6,0.9
2024-25,Regular%20Season,1626153,408,Delon Wright,1610612752,NYK,40,635,45,131,0.344,20,73,0.274,15,25,0.6,27,39,66,77,35,12,22,25,125,197,3.5,1.59
2024-25,Regular%20Season,1630658,409,Colin Castleton,1610612761,TOR,26,432,46,98,0.469,2,16,0.125,29,38,0.763,53,69,122,28,8,10,23,51,123,207,1.22,0.35
2024-25,Regular%20Season,1642382,410,Branden Carlson,1610612760,OKC,32,246,43,97,0.443,22,66,0.333,14,18,0.778,17,37,54,14,5,21,7,22,122,151,2.0,0.71
2024-25,Regular%20Season,201567,410,Kevin Love,1610612748,MIA,23,251,41,115,0.357,24,67,0.358,16,23,0.696,22,72,94,22,15,4,14,21,122,162,1.57,1.07
2024-25,Regular%20Season,1631209,412,Isaiah Wong,1610612766,CHA,20,266,41,105,0.39,13,33,0.394,25,34,0.735,14,18,32,28,11,0,18,21,120,100,1.56,0.61
2024-25,Regular%20Season,1631169,413,Josh Minott,1610612750,MIN,46,276,44,90,0.489,14,43,0.326,17,19,0.895,12,35,47,18,15,12,11,34,119,152,1.64,1.36
2024-25,Regular%20Season,1631197,414,Jared Rhoden,1610612761,TOR,14,226,42,87,0.483,12,39,0.308,22,25,0.88,14,28,42,16,10,2,9,20,118,131,1.78,1.11
2024-25,Regular%20Season,1641721,415,Maxwell Lewis,1610612751,BKN,28,328,45,108,0.417,19,50,0.38,7,10,0.7,18,37,55,19,9,7,14,29,116,126,1.36,0.64
2024-25,Regular%20Season,1629057,415,Robert Williams III,1610612757,POR,20,351,50,78,0.641,1,3,0.333,15,17,0.882,35,83,118,21,13,33,17,31,116,254,1.24,0.77
2024-25,Regular%20Season,1641727,417,Dariq Whitehead,1610612751,BKN,20,246,39,96,0.406,33,74,0.446,3,5,0.6,4,25,29,12,6,1,15,22,114,88,0.8,0.4
2024-25,Regular%20Season,203939,417,Dwight Powell,1610612742,DAL,55,551,42,61,0.689,2,5,0.4,28,43,0.651,47,71,118,55,18,21,18,75,114,274,3.06,1.0
2024-25,Regular%20Season,1631248,419,Baylor Scheierman,1610612738,BOS,31,384,39,110,0.355,26,82,0.317,9,12,0.75,19,46,65,33,17,2,12,22,113,144,2.75,1.42
2024-25,Regular%20Season,1629723,420,John Konchar,1610612763,MEM,46,558,41,91,0.451,23,62,0.371,7,8,0.875,37,114,151,42,30,14,16,32,112,282,2.63,1.88
2024-25,Regular%20Season,1629680,420,Matisse Thybulle,1610612757,POR,15,312,42,88,0.477,21,48,0.438,7,15,0.467,14,38,52,28,33,9,13,14,112,167,2.15,2.54
2024-25,Regular%20Season,201988,422,Patty Mills,1610612746,LAC,29,321,36,96,0.375,26,75,0.347,13,14,0.929,4,18,22,26,13,3,17,24,111,97,1.53,0.77
2024-25,Regular%20Season,1641878,423,Damion Baugh,1610612766,CHA,15,370,42,130,0.323,12,56,0.214,13,15,0.867,14,36,50,56,15,2,31,22,109,111,1.81,0.48
2024-25,Regular%20Season,1631166,423,Drew Timme,1610612751,BKN,9,254,45,102,0.441,9,35,0.257,10,16,0.625,17,48,65,20,4,1,15,21,109,121,1.33,0.27
2024-25,Regular%20Season,1630531,423,Jaden Springer,1610612762,UTA,43,365,35,90,0.389,12,48,0.25,27,38,0.711,17,41,58,33,24,4,16,42,109,146,2.06,1.5
2024-25,Regular%20Season,1628470,426,Torrey Craig,1610612738,BOS,26,314,38,90,0.422,24,66,0.364,8,12,0.667,27,46,73,17,8,12,8,34,108,154,2.13,1.0
2024-25,Regular%20Season,1631131,427,Oscar Tshiebwe,1610612762,UTA,14,255,42,70,0.6,0,0,0.0,23,31,0.742,46,76,122,9,13,1,10,24,107,206,0.9,1.3
2024-25,Regular%20Season,201959,427,Taj Gibson,1610612766,CHA,37,409,47,95,0.495,1,2,0.5,12,20,0.6,51,69,120,21,9,18,25,54,107,194,0.84,0.36
2024-25,Regular%20Season,1642285,429,Cam Spencer,1610612763,MEM,25,252,34,82,0.415,19,52,0.365,19,19,1.0,12,18,30,34,9,1,6,23,106,126,5.67,1.5
2024-25,Regular%20Season,1641720,429,Jalen Hood-Schifino,1610612755,PHI,15,315,37,98,0.378,14,46,0.304,18,21,0.857,3,24,27,37,5,7,18,25,106,100,2.06,0.28
2024-25,Regular%20Season,1629629,431,Cam Reddish,1610612747,LAL,33,589,38,94,0.404,13,47,0.277,16,26,0.615,17,49,66,22,33,10,12,43,105,158,1.83,2.75
2024-25,Regular%20Season,1642277,432,Johnny Furphy,1610612754,IND,50,379,35,92,0.38,15,50,0.3,18,22,0.818,23,48,71,19,18,11,12,41,103,149,1.58,1.5
2024-25,Regular%20Season,1628467,432,Maxi Kleber,1610612747,LAL,34,637,37,96,0.385,13,49,0.265,16,21,0.762,25,70,95,43,9,17,23,66,103,180,1.87,0.39
2024-25,Regular%20Season,1630579,434,Jericho Sims,1610612749,MIL,53,631,45,71,0.634,0,0,0.0,8,13,0.615,71,126,197,33,10,19,33,65,98,293,1.0,0.3
2024-25,Regular%20Season,1629162,434,Jordan McLaughlin,1610612759,SAS,46,314,31,72,0.431,19,46,0.413,17,22,0.773,6,24,30,51,16,1,16,18,98,134,3.19,1.0
2024-25,Regular%20Season,1630311,434,Pat Spencer,1610612744,GSW,39,250,41,101,0.406,5,22,0.227,11,15,0.733,15,31,46,48,14,3,18,20,98,127,2.67,0.78
2024-25,Regular%20Season,1641998,437,Trey Jemison III,1610612747,LAL,38,392,41,74,0.554,0,0,0.0,13,33,0.394,44,61,105,16,9,15,24,69,95,163,0.67,0.38
2024-25,Regular%20Season,1641736,438,Reece Beekman,1610612751,BKN,36,469,35,107,0.327,7,40,0.175,16,21,0.762,13,26,39,63,33,2,21,36,93,132,3.0,1.57
2024-25,Regular%20Season,1631132,439,Christian Koloko,1610612747,LAL,37,342,40,66,0.606,0,4,0.0,10,14,0.714,35,57,92,16,8,16,12,44,90,180,1.33,0.67
2024-25,Regular%20Season,1630696,440,Dru Smith,1610612748,MIA,14,268,31,61,0.508,16,30,0.533,9,12,0.75,12,24,36,23,21,6,17,30,87,123,1.35,1.24
2024-25,Regular%20Season,1629011,440,Mitchell Robinson,1610612752,NYK,17,290,37,56,0.661,0,0,0.0,13,19,0.684,52,49,101,13,16,18,10,26,87,200,1.3,1.6
2024-25,Regular%20Season,1631311,442,Lester Quinones,1610612740,NOP,13,183,31,78,0.397,13,44,0.295,11,13,0.846,4,15,19,24,3,2,14,18,86,71,1.71,0.21
2024-25,Regular%20Season,203901,443,Elfrid Payton,1610612740,NOP,24,511,40,122,0.328,1,6,0.167,4,7,0.571,15,64,79,166,24,11,59,36,85,221,2.81,0.41
2024-25,Regular%20Season,1627814,444,Damion Lee,1610612756,PHX,25,144,27,74,0.365,9,37,0.243,20,21,0.952,3,17,20,11,6,0,10,6,83,62,1.1,0.6
2024-25,Regular%20Season,1641775,445,Jordan Walsh,1610612738,BOS,52,403,30,83,0.361,15,55,0.273,7,12,0.583,23,46,69,19,12,11,17,30,82,118,1.12,0.71
2024-25,Regular%20Season,1642278,446,Tyler Kolek,1610612752,NYK,41,296,27,82,0.329,14,47,0.298,13,17,0.765,8,19,27,70,12,4,18,26,81,117,3.89,0.67
2024-25,Regular%20Season,1631098,447,Johnny Davis,1610612764,WAS,34,242,32,78,0.41,7,29,0.241,9,15,0.6,10,28,38,11,15,6,7,18,80,91,1.57,2.14
2024-25,Regular%20Season,1630699,448,MarJon Beauchamp,1610612752,NYK,35,156,27,65,0.415,10,29,0.345,15,20,0.75,11,33,44,11,4,1,15,14,79,81,0.73,0.27
2024-25,Regular%20Season,1641798,449,Jaylen Martin,1610612764,WAS,16,239,31,74,0.419,7,23,0.304,9,10,0.9,11,33,44,17,9,0,12,14,78,92,1.42,0.75
2024-25,Regular%20Season,1641738,450,Kobe Brown,1610612746,LAC,40,272,33,72,0.458,6,26,0.231,5,7,0.714,19,46,65,24,7,4,12,23,77,124,2.0,0.58
2024-25,Regular%20Season,1642024,451,Alex Reese,1610612755,PHI,15,216,26,54,0.481,15,41,0.366,9,12,0.75,9,38,47,4,10,10,6,21,76,110,0.67,1.67
2024-25,Regular%20Season,1629650,451,Moses Brown,1610612742,DAL,13,119,34,49,0.694,0,0,0.0,8,11,0.727,12,32,44,2,6,4,11,17,76,103,0.18,0.55
2024-25,Regular%20Season,203458,453,Alex Len,1610612747,LAL,46,380,32,63,0.508,2,9,0.222,8,17,0.471,38,57,95,38,9,21,20,56,74,177,1.9,0.45
2024-25,Regular%20Season,1630205,453,Lamar Stevens,1610612763,MEM,17,156,29,63,0.46,8,27,0.296,8,11,0.727,4,34,38,8,5,3,10,15,74,81,0.8,0.5
2024-25,Regular%20Season,1630550,455,JT Thor,1610612764,WAS,20,249,25,59,0.424,6,21,0.286,15,22,0.682,20,28,48,6,8,9,9,17,71,92,0.67,0.89
2024-25,Regular%20Season,202684,456,Tristan Thompson,1610612739,CLE,40,328,31,71,0.437,0,3,0.0,7,30,0.233,32,102,134,24,2,11,14,36,69,163,1.71,0.14
2024-25,Regular%20Season,1629669,457,Jaylen Nowell,1610612740,NOP,8,168,26,73,0.356,8,27,0.296,7,11,0.636,6,14,20,18,1,4,8,9,67,51,2.25,0.13
2024-25,Regular%20Season,1630542,457,Marcus Bagley,1610612755,PHI,10,253,27,69,0.391,5,32,0.156,8,10,0.8,23,47,70,10,9,12,7,16,67,117,1.43,1.29
2024-25,Regular%20Season,1641890,457,Tyler Smith,1610612749,MIL,23,122,24,50,0.48,13,30,0.433,6,8,0.75,6,19,25,4,3,4,8,11,67,67,0.5,0.38
2024-25,Regular%20Season,1641745,460,Adam Flagler,1610612760,OKC,37,203,25,96,0.26,14,72,0.194,1,2,0.5,7,20,27,12,8,3,4,15,65,39,3.0,2.0
2024-25,Regular%20Season,1631466,460,Nate Williams,1610612745,HOU,20,147,27,62,0.435,6,26,0.231,5,8,0.625,5,8,13,9,8,4,14,16,65,47,0.64,0.57
2024-25,Regular%20Season,1642355,462,Bronny James,1610612747,LAL,27,181,21,67,0.313,9,32,0.281,11,14,0.786,4,14,18,22,9,3,13,13,62,52,1.69,0.69
2024-25,Regular%20Season,1629001,462,De'Anthony Melton,1610612751,BKN,6,121,22,54,0.407,13,35,0.371,5,8,0.625,6,14,20,17,7,2,10,18,62,63,1.7,0.7
2024-25,Regular%20Season,1628365,464,Markelle Fultz,1610612758,SAC,21,184,28,67,0.418,4,8,0.5,1,1,1.0,6,14,20,27,10,2,15,12,61,66,1.8,0.67
2024-25,Regular%20Season,1628396,464,Tony Bradley,1610612754,IND,14,113,29,45,0.644,1,3,0.333,2,6,0.333,18,24,42,6,2,9,5,11,61,95,1.2,0.4
2024-25,Regular%20Season,1631306,466,Cole Swider,1610612761,TOR,10,170,22,63,0.349,15,47,0.319,0,1,0.0,5,22,27,3,4,2,4,12,59,49,0.75,1.0
2024-25,Regular%20Season,1628981,467,Bruno Fernando,1610612761,TOR,17,147,26,49,0.531,0,0,0.0,6,8,0.75,21,30,51,18,4,9,14,27,58,101,1.29,0.29
2024-25,Regular%20Season,203967,468,Dario Šarić,1610612743,DEN,16,210,21,58,0.362,7,26,0.269,7,10,0.7,14,36,50,23,7,1,15,19,56,82,1.53,0.47
2024-25,Regular%20Season,202693,468,Markieff Morris,1610612747,LAL,15,164,21,70,0.3,9,36,0.25,5,6,0.833,3,20,23,21,2,3,5,16,56,50,4.2,0.4
2024-25,Regular%20Season,1630623,470,Tyson Etienne,1610612751,BKN,7,151,17,52,0.327,13,44,0.295,8,10,0.8,3,6,9,12,3,1,8,17,55,35,1.5,0.38
2024-25,Regular%20Season,1641809,471,Drew Peterson,1610612738,BOS,25,186,17,41,0.415,13,33,0.394,7,9,0.778,9,31,40,13,5,2,8,18,54,80,1.63,0.63
2024-25,Regular%20Season,1630165,471,Killian Hayes,1610612751,BKN,6,162,18,43,0.419,8,21,0.381,10,12,0.833,5,13,18,31,4,4,9,13,54,75,3.44,0.44
2024-25,Regular%20Season,1629643,473,Chuma Okeke,1610612739,CLE,9,197,20,40,0.5,11,28,0.393,2,3,0.667,21,26,47,15,5,4,3,5,53,100,5.0,1.67
2024-25,Regular%20Season,202066,473,Garrett Temple,1610612761,TOR,28,227,18,60,0.3,6,28,0.214,11,12,0.917,9,20,29,31,17,2,10,23,53,79,3.1,1.7
2024-25,Regular%20Season,1641723,473,Kobe Bufkin,1610612737,ATL,10,124,18,47,0.383,4,19,0.211,13,18,0.722,5,16,21,17,3,2,8,9,53,54,2.13,0.38
2024-25,Regular%20Season,1631116,473,Patrick Baldwin Jr.,1610612746,LAC,24,107,19,35,0.543,13,23,0.565,2,4,0.5,5,20,25,3,3,2,5,7,53,63,0.6,0.6
2024-25,Regular%20Season,1629052,477,Oshae Brissett,1610612755,PHI,6,142,19,39,0.487,6,18,0.333,8,14,0.571,7,15,22,4,4,3,8,14,52,51,0.5,0.5
2024-25,Regular%20Season,1630574,478,Ariel Hukporti,1610612752,NYK,25,217,21,31,0.677,0,0,0.0,6,13,0.462,14,37,51,11,1,15,21,32,48,88,0.52,0.05
2024-25,Regular%20Season,1642402,479,Enrique Freeman,1610612754,IND,22,181,16,37,0.432,1,10,0.1,13,19,0.684,11,19,30,9,3,3,6,21,46,58,1.5,0.5
2024-25,Regular%20Season,1628995,479,Kevin Knox II,1610612744,GSW,14,84,18,36,0.5,4,15,0.267,6,8,0.75,7,10,17,5,2,4,4,6,46,50,1.25,0.5
2024-25,Regular%20Season,1631342,481,Daeqwon Plowden,1610612737,ATL,6,72,16,25,0.64,9,17,0.529,2,2,1.0,4,7,11,2,0,0,4,10,43,43,0.5,0.0
2024-25,Regular%20Season,1642352,481,Keshad Johnson,1610612748,MIA,16,98,18,26,0.692,3,7,0.429,4,9,0.444,6,22,28,4,5,4,4,11,43,67,1.0,1.25
2024-25,Regular%20Season,1631301,483,Jaylen Sims,1610612766,CHA,6,112,12,28,0.429,6,15,0.4,12,15,0.8,3,3,6,12,3,1,8,10,42,37,1.5,0.38
2024-25,Regular%20Season,1631250,484,Pete Nance,1610612749,MIL,13,138,14,32,0.438,9,24,0.375,1,2,0.5,5,16,21,10,2,2,4,17,38,50,2.5,0.5
2024-25,Regular%20Season,1641734,485,Emoni Bates,1610612739,CLE,10,75,13,38,0.342,11,30,0.367,0,0,0.0,0,7,7,8,1,1,2,4,37,27,4.0,0.5
2024-25,Regular%20Season,1642505,486,Alex Ducas,1610612760,OKC,21,125,12,30,0.4,10,21,0.476,2,2,1.0,9,17,26,5,5,0,4,12,36,50,1.25,1.25
2024-25,Regular%20Season,1630537,486,Chris Duarte,1610612741,CHI,17,74,12,26,0.462,6,15,0.4,6,8,0.75,5,15,20,9,0,0,1,7,36,48,9.0,0.0
2024-25,Regular%20Season,1641772,486,Nae'Qwan Tomlin,1610612739,CLE,5,63,13,32,0.406,2,10,0.2,8,11,0.727,9,12,21,2,0,1,2,9,36,36,1.0,0.0
2024-25,Regular%20Season,1642530,486,Yuki Kawamura,1610612763,MEM,22,93,11,30,0.367,7,23,0.304,7,9,0.778,0,12,12,19,2,0,5,8,36,43,3.8,0.4
2024-25,Regular%20Season,1630543,490,Isaiah Jackson,1610612754,IND,5,84,14,23,0.609,0,0,0.0,7,14,0.5,11,17,28,5,3,8,5,14,35,58,1.0,0.6
2024-25,Regular%20Season,1631102,490,TyTy Washington Jr.,1610612756,PHX,16,118,14,45,0.311,4,21,0.19,3,6,0.5,4,9,13,16,3,0,3,4,35,30,5.33,1.0
2024-25,Regular%20Season,1630283,492,Kylor Kelley,1610612740,NOP,11,126,14,22,0.636,0,0,0.0,6,10,0.6,12,27,39,5,1,3,4,15,34,66,1.25,0.25
2024-25,Regular%20Season,1630214,492,Xavier Tillman,1610612738,BOS,33,231,13,53,0.245,5,32,0.156,3,4,0.75,10,33,43,7,11,5,14,18,34,45,0.5,0.79
2024-25,Regular%20Season,1631120,494,JD Davison,1610612738,BOS,16,93,12,34,0.353,4,18,0.222,5,7,0.714,2,11,13,13,5,1,13,2,33,28,1.0,0.39
2024-25,Regular%20Season,1641790,494,PJ Hall,1610612743,DEN,19,66,14,24,0.583,2,8,0.25,3,4,0.75,6,16,22,4,0,4,2,11,33,50,2.0,0.0
2024-25,Regular%20Season,1641989,496,Elijah Harkless,1610612762,UTA,10,138,11,35,0.314,7,25,0.28,3,6,0.5,9,12,21,8,10,1,3,18,32,42,2.67,3.33
2024-25,Regular%20Season,1626196,496,Josh Richardson,1610612748,MIA,8,149,11,38,0.289,6,22,0.273,4,4,1.0,6,6,12,12,8,1,8,17,32,30,1.5,1.0
2024-25,Regular%20Season,1631321,496,Sidy Cissoko,1610612757,POR,22,114,13,30,0.433,3,13,0.231,3,9,0.333,8,13,21,15,2,1,11,10,32,37,1.36,0.18
2024-25,Regular%20Season,1641725,496,Trey Alexander,1610612743,DEN,24,117,13,41,0.317,3,17,0.176,3,4,0.75,1,11,12,11,2,1,5,10,32,24,2.2,0.4
2024-25,Regular%20Season,1641753,500,Chris Livingston,1610612749,MIL,21,106,9,27,0.333,0,8,0.0,12,16,0.75,10,25,35,5,5,0,6,8,30,47,0.83,0.83
2024-25,Regular%20Season,1642359,500,Pacôme Dadiet,1610612752,NYK,18,111,10,31,0.323,6,19,0.316,4,6,0.667,3,15,18,5,3,2,4,7,30,31,1.25,0.75
2024-25,Regular%20Season,1642484,500,RayJ Dennis,1610612754,IND,11,70,11,33,0.333,6,21,0.286,2,2,1.0,2,10,12,14,7,2,5,7,30,38,2.8,1.4
2024-25,Regular%20Season,1630528,503,Josh Christopher,1610612748,MIA,14,69,11,31,0.355,2,11,0.182,4,6,0.667,0,9,9,8,5,3,6,2,28,25,1.33,0.83
2024-25,Regular%20Season,1630585,503,Marcus Garrett,1610612766,CHA,4,79,11,27,0.407,3,8,0.375,3,4,0.75,1,5,6,13,3,2,6,10,28,29,2.17,0.5
2024-25,Regular%20Season,1630346,503,Matt Ryan,1610612752,NYK,19,68,10,31,0.323,6,19,0.316,2,2,1.0,0,8,8,3,2,0,3,1,28,17,1.0,0.67
2024-25,Regular%20Season,1642461,506,Spencer Jones,1610612743,DEN,20,125,11,34,0.324,1,17,0.059,3,3,1.0,8,9,17,5,5,5,5,17,26,30,1.0,1.0
2024-25,Regular%20Season,1641789,507,Jazian Gortman,1610612742,DAL,16,57,9,23,0.391,4,11,0.364,2,4,0.5,1,4,5,6,2,1,5,9,24,17,1.2,0.4
2024-25,Regular%20Season,1642368,507,N'Faly Dante,1610612745,HOU,4,51,10,13,0.769,0,0,0.0,4,5,0.8,6,15,21,2,1,5,2,9,24,47,1.0,0.5
2024-25,Regular%20Season,1628427,507,Vlatko Čančar,1610612743,DEN,13,136,10,26,0.385,4,15,0.267,0,0,0.0,6,26,32,9,3,2,11,10,24,43,0.82,0.27
2024-25,Regular%20Season,1631210,510,Jacob Toppin,1610612737,ATL,17,75,9,22,0.409,5,10,0.5,0,0,0.0,3,12,15,6,2,0,3,3,23,30,2.0,0.67
2024-25,Regular%20Season,203109,510,Jae Crowder,1610612758,SAC,9,103,7,22,0.318,4,15,0.267,5,6,0.833,6,14,20,6,3,0,4,10,23,32,1.5,0.75
2024-25,Regular%20Season,1630222,510,Mason Jones,1610612758,SAC,10,45,9,18,0.5,1,8,0.125,4,5,0.8,2,7,9,11,0,1,1,3,23,33,11.0,0.0
2024-25,Regular%20Season,1642050,513,Jackson Rowe,1610612744,GSW,6,52,8,17,0.471,3,10,0.3,3,6,0.5,3,8,11,4,4,0,1,4,22,28,4.0,4.0
2024-25,Regular%20Season,1630604,514,E.J. Liddell,1610612741,CHI,12,53,8,15,0.533,3,10,0.3,2,2,1.0,3,6,9,3,1,1,2,11,21,26,1.5,0.5
2024-25,Regular%20Season,1631159,515,Leonard Miller,1610612750,MIN,13,32,6,15,0.4,0,5,0.0,8,8,1.0,3,8,11,0,2,1,2,2,20,23,0.0,1.0
2024-25,Regular%20Season,1642353,516,Cam Christie,1610612746,LAC,13,59,7,24,0.292,2,13,0.154,2,4,0.5,3,9,12,6,5,1,2,4,18,21,3.0,2.5
2024-25,Regular%20Season,1631303,516,Justin Minaya,1610612757,POR,19,101,8,21,0.381,2,10,0.2,0,2,0.0,5,5,10,7,6,1,5,12,18,22,1.4,1.2
2024-25,Regular%20Season,1631123,518,Jamaree Bouyea,1610612749,MIL,5,62,6,12,0.5,1,5,0.2,4,6,0.667,1,4,5,10,4,2,8,2,17,22,1.25,0.5
2024-25,Regular%20Season,1630561,519,David Duke Jr.,1610612759,SAS,6,34,6,14,0.429,3,6,0.5,1,2,0.5,1,4,5,4,1,0,2,1,16,15,2.0,0.5
2024-25,Regular%20Season,1630201,519,Malachi Flynn,1610612766,CHA,4,44,5,13,0.385,1,4,0.25,5,6,0.833,3,4,7,7,3,0,4,4,16,20,1.75,0.75
2024-25,Regular%20Season,1641752,521,Bobi Klintman,1610612765,DET,8,42,6,10,0.6,2,5,0.4,1,2,0.5,1,6,7,7,2,1,1,8,15,26,7.0,2.0
2024-25,Regular%20Season,204060,521,Joe Ingles,1610612750,MIN,19,114,6,23,0.261,3,15,0.2,0,0,0.0,2,9,11,23,2,0,9,12,15,25,2.56,0.22
2024-25,Regular%20Season,1630649,521,Stanley Umude,1610612749,MIL,22,86,5,26,0.192,3,15,0.2,2,4,0.5,4,13,17,4,3,6,3,8,15,19,1.33,1.0
2024-25,Regular%20Season,1642422,524,Armel Traore,1610612747,LAL,9,67,6,19,0.316,0,7,0.0,2,7,0.286,2,13,15,1,4,2,3,6,14,15,0.33,1.33
2024-25,Regular%20Season,1629098,524,Jack McVeigh,1610612745,HOU,9,43,5,17,0.294,4,13,0.308,0,0,0.0,2,3,5,1,0,2,2,3,14,8,0.5,0.0
2024-25,Regular%20Season,1641707,524,Taylor Hendricks,1610612762,UTA,3,75,4,18,0.222,3,12,0.25,3,4,0.75,5,10,15,2,5,4,2,8,14,23,1.0,2.5
2024-25,Regular%20Season,1642449,524,Tolu Smith,1610612765,DET,1,22,6,9,0.667,0,0,0.0,2,3,0.667,4,4,8,0,0,0,2,3,14,16,0.0,0.0
2024-25,Regular%20Season,1631121,528,Bryce McGowens,1610612757,POR,13,32,4,14,0.286,0,4,0.0,5,6,0.833,2,1,3,2,1,0,4,3,13,4,0.5,0.25
2024-25,Regular%20Season,1642384,528,Isaiah Crawford,1610612758,SAC,15,46,5,11,0.455,1,5,0.2,2,4,0.5,1,7,8,1,1,2,1,2,13,16,1.0,1.0
2024-25,Regular%20Season,1631247,530,Luke Travers,1610612739,CLE,12,88,5,20,0.25,0,9,0.0,2,2,1.0,8,12,20,8,1,1,8,6,12,19,1.0,0.13
2024-25,Regular%20Season,1642443,531,Jahmir Young,1610612741,CHI,6,30,4,5,0.8,1,2,0.5,2,2,1.0,1,2,3,6,0,0,1,2,11,18,6.0,0.0
2024-25,Regular%20Season,1642280,531,Trentyn Flowers,1610612746,LAC,6,27,4,11,0.364,0,2,0.0,3,3,1.0,1,3,4,0,0,0,1,4,11,7,0.0,0.0
2024-25,Regular%20Season,1641801,533,Emanuel Miller,1610612741,CHI,6,25,4,8,0.5,0,1,0.0,2,2,1.0,4,4,8,2,1,0,0,3,10,17,0.0,0.0
2024-25,Regular%20Season,1641779,534,Jalen Bridges,1610612756,PHX,8,30,2,7,0.286,2,7,0.286,3,4,0.75,0,4,4,0,0,0,4,0,9,3,0.0,0.0
2024-25,Regular%20Season,1641857,534,Liam Robbins,1610612749,MIL,13,57,2,8,0.25,0,2,0.0,5,10,0.5,7,5,12,2,2,2,6,9,9,10,0.33,0.33
2024-25,Regular%20Season,200782,534,P.J. Tucker,1610612752,NYK,3,58,3,7,0.429,3,6,0.5,0,0,0.0,4,4,8,0,1,1,1,8,9,14,0.0,1.0
2024-25,Regular%20Season,1641766,537,Adama Sanogo,1610612741,CHI,4,22,4,7,0.571,0,0,0.0,0,0,0.0,5,1,6,1,0,0,1,1,8,11,1.0,0.0
2024-25,Regular%20Season,1641817,537,Anton Watson,1610612752,NYK,9,22,4,9,0.444,0,1,0.0,0,0,0.0,1,2,3,2,1,0,2,3,8,7,1.0,0.5
2024-25,Regular%20Season,201949,537,James Johnson,1610612754,IND,12,37,4,11,0.364,0,3,0.0,0,1,0.0,0,6,6,4,0,2,4,5,8,8,1.0,0.0
2024-25,Regular%20Season,1630762,537,Phillip Wheeler,1610612755,PHI,5,44,3,21,0.143,0,10,0.0,2,2,1.0,2,6,8,2,1,2,1,1,8,2,2.0,1.0
2024-25,Regular%20Season,1642450,541,Daniss Jenkins,1610612765,DET,7,23,3,10,0.3,1,7,0.143,0,2,0.0,0,2,2,3,0,0,1,2,7,2,3.0,0.0
2024-25,Regular%20Season,1641936,541,Miles Norris,1610612738,BOS,3,35,2,9,0.222,2,7,0.286,1,2,0.5,2,7,9,0,2,1,0,0,7,11,0.0,0.0
2024-25,Regular%20Season,1628408,541,PJ Dozier,1610612750,MIN,9,35,2,3,0.667,2,3,0.667,1,6,0.167,1,4,5,5,1,0,1,3,7,11,5.0,1.0
2024-25,Regular%20Season,1630600,544,Isaiah Mobley,1610612755,PHI,1,17,2,7,0.286,1,3,0.333,1,2,0.5,1,3,4,5,1,1,0,3,6,11,0.0,0.0
2024-25,Regular%20Season,1630164,544,James Wiseman,1610612754,IND,1,5,2,4,0.5,0,1,0.0,2,2,1.0,0,1,1,0,0,0,0,0,6,5,0.0,0.0
2024-25,Regular%20Season,1641755,544,Kevin McCullar Jr.,1610612752,NYK,4,29,2,7,0.286,0,1,0.0,2,2,1.0,0,8,8,2,1,1,0,6,6,13,0.0,0.0
2024-25,Regular%20Season,1631386,544,Taze Moore,1610612757,POR,2,20,2,10,0.2,1,4,0.25,1,2,0.5,4,4,8,1,2,0,2,0,6,6,0.5,1.0
2024-25,Regular%20Season,1631214,548,Alondes Williams,1610612765,DET,1,4,2,2,1.0,1,1,1.0,0,0,0.0,0,0,0,1,0,0,0,0,5,6,0.0,0.0
2024-25,Regular%20Season,1627746,548,Skal Labissiere,1610612758,SAC,4,12,2,4,0.5,1,1,1.0,0,0,0.0,1,2,3,1,0,0,0,1,5,7,0.0,0.0
2024-25,Regular%20Season,1642279,548,Ulrich Chomche,1610612761,TOR,7,32,2,5,0.4,0,0,0.0,1,2,0.5,4,4,8,2,0,1,2,5,5,10,1.0,0.0
2024-25,Regular%20Season,1631127,551,Harrison Ingram,1610612759,SAS,5,35,2,4,0.5,0,1,0.0,0,0,0.0,2,7,9,3,3,0,1,2,4,16,3.0,3.0
2024-25,Regular%20Season,1631199,551,Ron Harper Jr.,1610612765,DET,1,17,1,8,0.125,0,6,0.0,2,2,1.0,4,3,7,2,0,0,0,0,4,6,0.0,0.0
2024-25,Regular%20Season,1630296,553,Braxton Key,1610612744,GSW,3,11,0,4,0.0,0,1,0.0,3,6,0.5,1,1,2,0,2,0,1,0,3,-1,0.0,2.0
2024-25,Regular%20Season,1642385,553,Cui Yongxi,1610612751,BKN,5,10,1,7,0.143,0,3,0.0,1,2,0.5,0,2,2,0,0,0,0,0,3,-2,0.0,0.0
2024-25,Regular%20Season,1630618,553,DJ Carton,1610612761,TOR,4,33,1,7,0.143,0,3,0.0,1,1,1.0,0,4,4,3,2,0,4,1,3,2,0.75,0.5
2024-25,Regular%20Season,1642439,553,Quincy Olivari,1610612747,LAL,2,10,1,5,0.2,1,5,0.2,0,0,0.0,0,0,0,1,0,0,1,0,3,-1,1.0,0.0
2024-25,Regular%20Season,1641803,553,Tristen Newton,1610612750,MIN,8,16,1,8,0.125,0,3,0.0,1,1,1.0,2,2,4,2,1,0,2,4,3,1,1.0,0.5
2024-25,Regular%20Season,1642502,558,Malevy Leons,1610612760,OKC,6,21,0,2,0.0,0,1,0.0,2,4,0.5,1,2,3,1,0,0,1,4,2,1,1.0,0.0
2024-25,Regular%20Season,1641879,558,Yuri Collins,1610612744,GSW,2,16,1,3,0.333,0,0,0.0,0,0,0.0,2,1,3,4,2,0,0,5,2,9,0.0,0.0
2024-25,Regular%20Season,1630227,560,Daishen Nix,1610612750,MIN,3,13,0,1,0.0,0,1,0.0,1,2,0.5,0,4,4,3,0,0,4,1,1,2,0.75,0.0
2024-25,Regular%20Season,1641815,561,Isaiah Stevens,1610612748,MIA,3,6,0,2,0.0,0,1,0.0,0,0,0.0,0,2,2,0,1,0,0,0,0,1,0.0,0.0
2024-25,Regular%20Season,1626143,561,Jahlil Okafor,1610612754,IND,1,3,0,0,0.0,0,0,0.0,0,0,0.0,0,1,1,1,0,0,0,0,0,2,0.0,0.0
2024-25,Regular%20Season,1629667,561,Jalen McDaniels,1610612764,WAS,4,7,0,0,0.0,0,0,0.0,0,0,0.0,0,0,0,1,1,0,0,0,0,2,0.0,0.0
2024-25,Regular%20Season,1642399,561,Jesse Edwards,1610612750,MIN,2,5,0,0,0.0,0,0,0.0,0,0,0.0,0,0,0,1,0,0,0,2,0,1,0.0,0.0
2024-25,Regular%20Season,1630644,561,Mac McClung,1610612753,ORL,2,10,0,2,0.0,0,1,0.0,0,0,0.0,0,1,1,3,0,0,0,2,0,2,0.0,0.0
2024-25,Regular%20Season,1642434,561,Riley Minix,1610612759,SAS,1,7,0,1,0.0,0,1,0.0,0,0,0.0,0,2,2,0,0,0,0,0,0,1,0.0,0.0
2024-25,Regular%20Season,1629056,561,Terence Davis,1610612758,SAC,1,8,0,2,0.0,0,1,0.0,0,0,0.0,0,1,1,1,0,0,0,0,0,0,0.0,0.0
2024-25,Regular%20Season,1630678,561,Terry Taylor,1610612758,SAC,3,6,0,1,0.0,0,0,0.0,0,0,0.0,1,0,1,2,0,0,0,0,0,2,0.0,0.0
2024-25,Regular%20Season,1642389,561,Zyon Pullin,1610612763,MEM,3,3,0,1,0.0,0,0,0.0,0,0,0.0,0,0,0,0,0,0,0,0,0,-1,0.0,0.0
